,trial,model,nrbf,opttype,gpscaler,runidx,gainmse,tlength,runtime,posmse,poscorr,wtcorr,wtmse
0,8,p,20,second,1,1,36.28592011525219,82,1.4322178363800049,0.0007107092341573917,0.9948674701436766,0.5238598097971351,0.16296401866010152
1,8,p,20,second,1,2,0.3160258572013319,82,2.1800081729888916,5.0475246182105075e-08,0.9999995492929001,0.7312570512127702,0.01985771329456416
2,8,p,20,second,1,3,0.9708106097270639,82,2.096179962158203,1.1211080849889844e-10,0.9999999990023652,-0.036569920263788636,0.01004950013351751
3,89,p,20,second,1,1,0.25182764825846343,306,5.1950600147247314,7.175209364982762e-06,0.9999861423051082,0.9433309378678367,0.008425237311577516
4,89,p,20,second,1,2,15.769102771704405,306,6.805775165557861,0.01966601401115788,0.979459804961729,-0.1460599459759399,0.20654253873440745
5,89,p,20,second,1,3,0.007884240931003364,306,9.539464950561523,5.029745295042362e-06,0.9999944470432431,0.994029226673857,0.0006085136048722785
6,153,p,20,second,1,1,521.330934769327,64,1.9633207321166992,0.008661764408958064,0.8498062767781471,-0.7912588796760194,0.26098188396157945
7,153,p,20,second,1,2,1.1208702511449822,64,2.7161900997161865,2.5660411106166645e-09,0.9999999843394894,0.6901770037301308,0.011013324529610222
8,153,p,20,second,1,3,4.800987681107262,64,2.826449155807495,5.009030968291613e-09,0.9999997751610007,-0.7563168383153923,0.11827548424726246
9,273,p,20,second,1,1,0.46244723367544927,113,4.024027109146118,3.1525590517743213e-08,0.9999999623391936,0.9596493118829806,0.002781416574923741
10,273,p,20,second,1,2,0.018493286208625656,113,3.1328351497650146,2.4762857089449845e-07,0.9999998017537022,0.9420664634996723,0.0011863746364528794
11,273,p,20,second,1,3,1.4743171022978672,113,2.993830919265747,4.342280827071292e-08,0.9999998219996074,0.42177075988765594,0.05359857371348369
12,291,p,20,second,1,1,0.6791906940901035,100,1.919769048690796,0.02243281809861487,0.9062800349307014,-0.5208756604240712,0.059935075492452805
13,291,p,20,second,1,2,8.97243686726287,100,6.87210488319397,0.04951745420096764,0.9134239902775805,0.5859728384853358,0.16011297300106403
14,291,p,20,second,1,3,12.131304224795917,100,2.7068397998809814,0.009572497555552166,0.9840188075695463,-0.7411128040392183,0.37670943469187546
15,47,p,20,second,3,1,3.073196724964543,99,2.385842800140381,0.08981529555846775,0.8956017825656359,0.620901431396942,0.15270732015033048
16,47,p,20,second,3,2,0.8182465153385542,99,3.190540075302124,2.9323556202613874e-07,0.9999996448715451,0.9686261525764255,0.008477468965797737
17,47,p,20,second,3,3,9.640203143128174,99,1.2914550304412842,0.08582401443997681,0.7383482026623455,-0.6819560938552856,0.3733218274883906
18,97,p,20,second,3,1,2.7359497444968435,64,1.6503551006317139,0.007327737102278464,0.9526775432277671,-0.16877549606510858,0.31020708394392066
19,97,p,20,second,3,2,48.39372863042462,64,4.60589599609375,3.492356968331537e-08,0.9999998987236108,0.44653481266152123,0.022639495316082423
20,97,p,20,second,3,3,3.075086896417293,64,1.1289329528808594,0.002648518873607549,0.968369812452613,0.2612164019838044,0.20709406197840352
21,140,p,20,second,3,1,6.85766180466166,173,1.2927091121673584,0.08693301802309959,0.7680706033159481,0.31868613149340286,0.20198846625522338
22,140,p,20,second,3,2,0.06454694994388806,173,5.433053731918335,4.8284830060506536e-05,0.9999605700808566,0.9565756208245713,0.003353176703967504
23,140,p,20,second,3,3,0.09093947688396849,173,4.008066892623901,1.1316161347187675e-05,0.9999836274224395,0.8271878527321496,0.004776046860531686
24,242,p,20,second,3,1,0.591228429100356,186,4.829045057296753,0.2625928309551651,0.5864717202881478,-0.2939122562967215,0.34339992823670507
25,242,p,20,second,3,2,3.213132141707791,186,3.050842761993408,0.5858591769075191,0.3185271121165339,0.10317616673049076,0.19148908449570154
26,242,p,20,second,3,3,723.3597384121338,186,6.148370265960693,0.05280409052241698,0.921101464457774,-0.3013308673473211,0.267106328699782
27,281,p,20,second,3,1,23.339969393147037,164,1.4418120384216309,0.11390134059909439,-0.6071120459604322,-0.732595596577184,0.4672156026342062
28,281,p,20,second,3,2,0.12221535562141947,164,2.9330191612243652,4.615193504893843e-06,0.9999979339936761,0.9334513970497265,0.0028210827644525663
29,281,p,20,second,3,3,0.19178787322784252,164,6.400101900100708,2.4949612417796796e-06,0.9999914721396187,0.9720604732422223,0.0028963084383807985
30,38,p,20,second,8,1,2.0173811235614934,455,7.456861972808838,0.00013730110928688148,0.9998155754073081,0.8697179539882864,0.012089150310605963
31,38,p,20,second,8,2,0.01337822077934699,455,24.016685962677002,0.0003232812645089552,0.998985106273181,0.7670365939613851,0.03595578876542436
32,38,p,20,second,8,3,10.474599786918017,455,2.4191699028015137,0.5519964209905337,0.4135907672646692,-0.11786426448134114,0.279895444128338
33,60,p,20,second,8,1,18.492384571504957,145,3.6562962532043457,0.00015859688568863726,0.9988518505005467,0.5672224840757847,0.017927104604245094
34,60,p,20,second,8,2,2.258180309253485,145,1.3264048099517822,0.05142757451422377,0.8269599038493541,0.21646397693048267,0.21434462282103228
35,60,p,20,second,8,3,28.161237494445114,145,5.687137126922607,0.00032691035551887505,0.9996168604906875,0.37707805908674163,0.037600239237936275
36,132,p,20,second,8,1,0.23886183452292314,280,8.178536891937256,0.040590694804287446,0.7827330040715496,-0.1280423962325735,0.141253680264532
37,132,p,20,second,8,2,0.0863731482942694,280,4.75245213508606,0.0001739833813416734,0.9998894069517488,0.9134598403074918,0.005727544298844203
38,132,p,20,second,8,3,5.954477584297271,280,5.353743076324463,0.000584272175272057,0.9965878461988081,0.8250832323326924,0.02141381392852245
39,181,p,20,second,8,1,3.803348069179175,122,2.214430093765259,0.0008982737475527089,0.9959570612657026,0.653046988537612,0.08668458883799361
40,181,p,20,second,8,2,695.7673339849517,122,4.842185020446777,0.007939688970904345,0.9743223152366625,0.15790560786041385,0.2154906418719373
41,181,p,20,second,8,3,0.5059087657681991,122,2.540780782699585,0.00135865356607324,0.9892972799999536,0.3801186869373625,0.16846299653603133
42,242,p,20,second,8,1,41.13163213913834,186,2.1244099140167236,0.13089495244654709,0.6945274604838613,-0.07862446345874667,0.2539076441633338
43,242,p,20,second,8,2,7.083258896256877,186,6.306596994400024,0.0002554646447796572,0.9990321789827383,0.7024711775938709,0.028715702379310155
44,242,p,20,second,8,3,0.481267041100085,186,5.6464269161224365,0.001960330397650581,0.9931894218645612,0.934017152724098,0.007640128803066925
45,49,p,30,second,1,1,2.8887724548937603,52,3.466235876083374,0.014634258224713528,0.962313131155799,-0.5614362211502231,0.39334833534303354
46,49,p,30,second,1,2,3.5609652569311683,52,3.2495319843292236,4.658893158355268e-10,0.9999999993147595,0.40213543686265896,0.05179763204765068
47,49,p,30,second,1,3,7.686033687851681,52,3.9372479915618896,0.0006249571421543846,0.9975495876987387,0.4445509525286006,0.044693700582213065
48,53,p,30,second,1,1,0.00857148328572494,98,2.662006139755249,1.475287138017513e-09,0.999999977932074,0.992091537820668,0.00044383456005800897
49,53,p,30,second,1,2,3.621776958046885,98,3.3856399059295654,8.95994567370821e-10,0.9999999691880125,0.7140503324810964,0.017162023026853743
50,53,p,30,second,1,3,0.564910441737749,98,1.7904119491577148,0.13320357442777175,-0.3546648408381535,-0.33522101398530507,0.3417970587780494
51,108,p,30,second,1,1,0.01677397464975604,435,8.608559846878052,3.061457252639974e-05,0.9999678945670756,0.9512552157672992,0.0017924862684343356
52,108,p,30,second,1,2,0.13092731900474155,435,18.73935580253601,7.636237305289838e-07,0.9999968720229818,0.9910992708924706,0.002485222215806707
53,108,p,30,second,1,3,0.8775394252120335,435,13.466035842895508,4.989758687598176e-06,0.9999939319920933,0.8498153592675028,0.029579811022216435
54,157,p,30,second,1,1,0.3698646065078195,321,5.753380060195923,0.058346379897675466,0.9660460947492412,0.7253532278123772,0.04818520448229728
55,157,p,30,second,1,2,0.4148006386258622,321,9.84414792060852,2.093074424446164e-06,0.9999671393610694,0.18812434957451532,0.019123069779770196
56,157,p,30,second,1,3,2.567683857449845,321,4.179466962814331,3.3700216416370745e-05,0.9999414374609982,0.9422378347465051,0.01133796045135155
57,283,p,30,second,1,1,0.021725156627081185,263,5.6520771980285645,7.907798946270803e-07,0.9999978317732179,0.9980029231433165,0.0003103908721990114
58,283,p,30,second,1,2,3.354091591731165,263,1.8664560317993164,0.9732949278685876,-0.7601298511944797,-0.9333415175093026,0.24603689603341597
59,283,p,30,second,1,3,0.13628197103788775,263,11.275060176849365,5.101491328238668e-09,0.9999999649202859,0.22087878719544404,0.017297073758522425
60,31,p,30,second,3,1,0.5023737092105209,95,6.172765016555786,4.952400770621284e-08,0.999999844753439,0.7010814250641701,0.03264913522071857
61,31,p,30,second,3,2,0.34368866464565045,95,2.7793359756469727,4.316859581808911e-08,0.9999982255563373,0.8792753291493766,0.008438238580212936
62,31,p,30,second,3,3,2.6551748968278637,95,3.5546929836273193,0.06375328658787231,0.9949401763981318,0.5026027347776657,0.16639791165914475
63,46,p,30,second,3,1,0.005076947172165564,153,10.900976181030273,4.0288168652391306e-07,0.9999997594375265,0.9991657776966277,7.249070899708797e-05
64,46,p,30,second,3,2,0.45190942116428384,153,1.772432804107666,0.0641421041863302,0.6912813003001829,-0.017537349122627863,0.15397765345396655
65,46,p,30,second,3,3,4.702514128139629,153,4.582199811935425,0.060201929040677817,0.9078493113918495,-0.09330625210677078,0.2649366209325674
66,189,p,30,second,3,1,0.4787571995507446,88,5.221111059188843,1.155723124160394e-08,0.9999998363684093,0.1543055509409992,0.024528344453105214
67,189,p,30,second,3,2,5.100336173656457,88,1.5750651359558105,0.003744249415003177,0.980910494910783,0.5349960921595371,0.1588551142568015
68,189,p,30,second,3,3,1.582809840582818,88,3.7368898391723633,1.9935827685429237e-08,0.9999999641942047,0.8834614199324916,0.004818551130363656
69,228,p,30,second,3,1,0.12535033190888623,83,2.7692179679870605,4.359165549162721e-08,0.9999999652345426,0.9891760959745967,0.0008092190461427525
70,228,p,30,second,3,2,0.13063816016807886,83,2.8579261302948,1.4444361743745548e-10,0.9999999998350191,0.9467971595276582,0.002475011355061082
71,228,p,30,second,3,3,3.7146923284834195,83,6.337570905685425,1.6707136994701487e-08,0.9999999708220192,0.9226915791637731,0.004937879606966776
72,265,p,30,second,3,1,0.045814986744825446,344,26.846771001815796,1.173576987742366e-05,0.9999666191604024,0.9619350785614007,0.0025762921487993006
73,265,p,30,second,3,2,0.8861911620463532,344,9.537065267562866,9.130315785985334e-05,0.9999027911632349,0.818901565178344,0.013881188213933063
74,265,p,30,second,3,3,1.4319319554826848,344,2.655574083328247,0.38126905043942233,0.4731840915413467,-0.46062392587695056,0.1386732553445807
75,4,p,30,second,8,1,0.09626480738246918,430,12.929480075836182,0.0019408879921488412,0.996987336072433,0.8612090696204222,0.00962868222120783
76,4,p,30,second,8,2,4.569818707686503,430,2.1438050270080566,0.28865114550795623,-0.7402715875079233,0.014908392267215983,0.24459392721156073
77,4,p,30,second,8,3,148.54641503087845,430,9.688814878463745,0.018780044984811846,0.9823183322487878,0.38182875234667785,0.05381074710244393
78,217,p,30,second,8,1,4.97585032828645,108,3.247202157974243,0.04174457533053134,0.921170264270682,0.1421685630917474,0.08387043013039727
79,217,p,30,second,8,2,2.374960116226212,108,3.4956722259521484,8.996315537628464e-06,0.9999615450582583,0.6506278179245415,0.026696452264504796
80,217,p,30,second,8,3,1.5154126119359932,108,4.042253732681274,0.0002725460562149981,0.9995294981747744,0.10077113734671812,0.12418339687162636
81,244,p,30,second,8,1,104.09156198603264,262,6.7605462074279785,0.0010706875806520712,0.9987274654230838,0.7220728929344733,0.03174354330825099
82,244,p,30,second,8,2,0.40225107826900125,262,3.84639310836792,7.209850704882632e-05,0.9999557151142214,0.914288686887485,0.0042972480978502375
83,244,p,30,second,8,3,0.5707382246977415,262,18.780743837356567,0.00064461178491427,0.9993745406582225,0.30336373414496043,0.054880208796311454
84,261,p,30,second,8,1,0.009514468498391854,510,10.536746978759766,0.05383528843279462,0.8410560482326,0.49202193729816696,0.0633470713969749
85,261,p,30,second,8,2,52.71766611451472,510,2.4646408557891846,0.3834075321869128,0.3455945918199583,-0.30731692027507435,0.3376924304467838
86,261,p,30,second,8,3,0.0006319120658656878,510,11.9130539894104,0.002887677059195678,0.9931314885343414,0.968114869540078,0.0021511743888513626
87,274,p,30,second,8,1,9.940744491042864,82,28.68298602104187,0.024790077624218147,0.9618032455456231,0.338363394533786,0.19293683452499066
88,274,p,30,second,8,2,50.99321741463075,82,3.330763101577759,0.0001721394813730127,0.9997291236898029,-0.2722984406765418,0.23563164113616591
89,274,p,30,second,8,3,2.01912697477712,82,4.505905866622925,0.05600505288939161,0.9292284032212872,-0.11913412175165279,0.2764436364644781
90,59,pv,20,second,1,1,0.013576531222610166,124,8.864850044250488,3.2149088465385664e-06,0.9999957445495965,0.9944276493468649,0.000794652971296343
91,59,pv,20,second,1,2,0.5051009365975982,124,5.438039779663086,6.760098010675012e-07,0.9999989536843412,0.9740394364526314,0.002440266386230824
92,59,pv,20,second,1,3,0.2604607684671387,124,4.14286208152771,2.9273830288694375e-08,0.9999999459158203,0.9532635218550516,0.005691477835734435
93,98,pv,20,second,1,1,58.293362398689624,89,1.9457788467407227,0.0014060752925674413,0.9317522844053208,0.9733586618051002,0.03844266287309469
94,98,pv,20,second,1,2,0.534413528329407,89,2.932227849960327,9.407265908303032e-09,0.9999987626711424,0.8225827471994612,0.005095215919621857
95,98,pv,20,second,1,3,1.6741715495497007,89,2.765378952026367,0.009877355386917903,0.9702885987684258,0.8550858845828013,0.08263271652577885
96,152,pv,20,second,1,1,0.38428542821496836,281,12.48766303062439,1.4738651520731778e-05,0.9999775308299506,0.10485185985754354,0.01013713741038866
97,152,pv,20,second,1,2,6.288788181290832,281,6.2509729862213135,0.004971016379610934,0.998802569442377,0.9356705197166082,0.051281162015821245
98,152,pv,20,second,1,3,0.04061506159476372,281,7.302178859710693,2.8352259382735602e-05,0.9998585797910123,0.9647055238712028,0.0009864850050758506
99,156,pv,20,second,1,1,0.05865675329145991,79,3.800123929977417,3.366054506582505e-10,0.9999999991127302,0.9998887542116172,6.878938551227805e-05
100,156,pv,20,second,1,2,0.24374219551099538,79,3.738715887069702,2.6476662749900333e-10,0.9999999991734918,0.9826426646453733,0.004868770784803504
101,156,pv,20,second,1,3,15.413573482610543,79,1.4005579948425293,0.0015557909415004503,0.9959095954972828,0.9706431006027015,0.08845985212201823
102,248,pv,20,second,1,1,0.021659741880300964,311,3.6162209510803223,1.1811121086517667e-05,0.9999872421085414,0.9973537626124104,0.0004923440277376282
103,248,pv,20,second,1,2,13.199156053573045,311,2.198741912841797,0.29970124441105783,0.581555806209314,0.8365708563142598,0.14634687951785283
104,248,pv,20,second,1,3,0.0017222045513971282,311,8.267172813415527,2.3804423687513135e-07,0.9999986168859598,0.9997048656913703,3.38934093335304e-05
105,2,pv,20,second,3,1,0.009450802999791764,273,6.6605799198150635,3.877138099592714e-05,0.9996879799144092,0.9856306142201828,0.000635018036823189
106,2,pv,20,second,3,2,0.6822926329033416,273,8.538113117218018,0.00011330035039314926,0.9983400927684605,0.8739828837690686,0.0028235629162653114
107,2,pv,20,second,3,3,0.21921141388052112,273,8.278542041778564,2.8970202403922855e-05,0.9998064005326586,0.9780000167367303,0.0015571581686111928
108,15,pv,20,second,3,1,2.102039767450022,210,10.18430209159851,0.00015162237804890242,0.9997319318174879,0.964318160585041,0.004703281356261449
109,15,pv,20,second,3,2,1.483173336560981,210,10.438420057296753,0.02690891463772008,0.8759054254207762,0.6263573964864109,0.1419312356120665
110,15,pv,20,second,3,3,0.0023788993355308126,210,5.164140939712524,2.900621179014784e-05,0.9998889448504152,0.9965902989420297,0.00017632456495288826
111,44,pv,20,second,3,1,0.4290154988951297,244,4.6160972118377686,6.244634583871317e-06,0.9999601934061927,0.5570111610998538,0.02396302502077487
112,44,pv,20,second,3,2,0.3818546548889284,244,14.711947679519653,3.056162202469626e-05,0.9994907032220504,0.9472746723339669,0.004442244266108069
113,44,pv,20,second,3,3,49.713084618362444,244,8.532166004180908,0.0006575362616056647,0.994653469634766,-0.7125511576907927,0.10492460962310306
114,260,pv,20,second,3,1,3.699135707025046,686,4.888337850570679,1.354361940836575,0.29671296181008827,0.39421461463590274,0.18776674255955184
115,260,pv,20,second,3,2,0.0008220007581866606,686,17.374402046203613,6.52959546769019e-05,0.9998051086763096,0.9974359924641735,0.00015340637358293602
116,260,pv,20,second,3,3,36.30865916787289,686,10.979712009429932,0.04201803956911134,0.9559496404127237,0.6779313599129075,0.045076536961951755
117,267,pv,20,second,3,1,40.53633989239,112,6.344275951385498,0.0003231536089325196,0.9988066745090968,0.9426193623073826,0.07967103804634779
118,267,pv,20,second,3,2,3.91136164774697,112,6.34390926361084,0.001819358828580873,0.9893435985903057,0.38402720855848993,0.15240305836293616
119,267,pv,20,second,3,3,0.008546259512100186,112,2.717015027999878,3.8466006429776984e-08,0.9999998273495121,0.9890279905855404,0.00035592846349515825
120,1,pv,20,second,8,1,6.778721360766783,110,4.0933380126953125,0.0003185585385002861,0.9995461326116617,-0.046608069739939445,0.2563363154426643
121,1,pv,20,second,8,2,5.366820481286436,110,3.323521137237549,0.0002759227236439011,0.999766632939478,0.8583699616188308,0.01083215468208709
122,1,pv,20,second,8,3,7.5700711049466465,110,1.3948328495025635,0.023469549558120185,0.9721444419970882,-0.4093862674553158,0.3690590281264597
123,143,pv,20,second,8,1,87.41060128679015,116,5.431164026260376,3.8101306637431714e-05,0.9991425367298179,0.18076562631641488,0.09901415616192955
124,143,pv,20,second,8,2,3.5395975585964714,116,10.501302003860474,0.009892830244744707,0.7232298210243225,0.17763590270590662,0.2341974665986671
125,143,pv,20,second,8,3,0.7359389006837327,116,1.3895838260650635,0.07260900779695481,0.6998627457027236,0.4811873644733999,0.17105862785272025
126,173,pv,20,second,8,1,497.16005941253974,201,12.288565158843994,0.000253671630820723,0.9958558088092854,0.7678970098905264,0.02900540647539357
127,173,pv,20,second,8,2,4.056376399590838,201,5.582226276397705,3.373337684912107e-05,0.9991220427767217,0.6767158583023846,0.020269358585952062
128,173,pv,20,second,8,3,131.9946020693131,201,7.208709955215454,0.00037959066776451926,0.9963993055092557,0.3804729883756602,0.050455279875143644
129,211,pv,20,second,8,1,240.53719306476924,72,2.392462968826294,0.00047374331216081883,0.9937084189286287,0.31903220137271143,0.15346333071111726
130,211,pv,20,second,8,2,617.7141223777783,72,3.175351142883301,4.704407628070464e-05,0.9996530088951229,-0.15389388830213216,0.2334299142637804
131,211,pv,20,second,8,3,2.949740520107393,72,1.280217170715332,0.011870746544022643,0.8788903196620035,0.6345952919028316,0.1431013754832038
132,254,pv,20,second,8,1,117.57267199293247,117,2.7929840087890625,0.0009143217283683904,0.991926983084135,-0.18161856974337648,0.18149018755443047
133,254,pv,20,second,8,2,1.4155240718831508,117,3.1805667877197266,0.00022432873048534643,0.9981961091576188,0.6898168232940436,0.06207681848868131
134,254,pv,20,second,8,3,1.566603622338404,117,4.215476989746094,0.006513931386247445,0.8651812925901696,0.34017394553245406,0.14360023249727596
135,129,pv,30,second,1,1,4.3498534942422715,366,2.880369186401367,0.01790090319526239,0.9780209016826474,0.9814062881346437,0.019355586605958264
136,129,pv,30,second,1,2,2.354848558067102,366,7.25168514251709,1.4912591340649479e-05,0.9998524407497372,0.9273368558966646,0.008030782403301627
137,129,pv,30,second,1,3,0.002769868930218837,366,11.597277164459229,8.7209785451405e-06,0.999973872489886,0.9991141853640122,9.457998094045758e-05
138,152,pv,30,second,1,1,8.707495256002128,281,11.100844621658325,5.920945381619505e-07,0.9999998573556955,0.9891511928231288,0.0032718324053260745
139,152,pv,30,second,1,2,0.00485176213402331,281,13.778620719909668,0.00023047203362221033,0.9998415017200234,0.9813941414002304,0.0006094100991973742
140,152,pv,30,second,1,3,0.014312825058223459,281,9.521651983261108,5.3774416244499775e-06,0.9999743410229165,0.9947960209184956,0.0007007127318077579
141,239,pv,30,second,1,1,6.622220011270856,55,2.200737714767456,5.686506218819423e-07,0.9999994379390352,-0.10078815300185814,0.12676489608921862
142,239,pv,30,second,1,2,0.6149395903230844,55,1.732407808303833,4.311401990007412e-07,0.9999980121249618,0.9838690288164829,0.011917860444679169
143,239,pv,30,second,1,3,1.7368772636590264,55,15.87819218635559,0.011811969104338954,0.9698989241442911,-0.04749465534640909,0.2616739598169683
144,264,pv,30,second,1,1,0.8151650215813324,91,15.93018102645874,0.04673837495198579,0.9351322020433958,0.7905918503056815,0.11681444080579437
145,264,pv,30,second,1,2,29.303808494138618,91,2.4509170055389404,0.1138453624289078,0.5576986165054264,-0.4631913635095666,0.43510191554442496
146,264,pv,30,second,1,3,0.6279836376618086,91,2.2777841091156006,0.01970512667907343,0.9550722790125379,0.7102793561396188,0.11250680466517052
147,290,pv,30,second,1,1,0.0009435222396685986,660,54.821940898895264,3.5795461409017846e-06,0.9999928878569283,0.9995823373279304,2.8234129646601337e-05
148,290,pv,30,second,1,2,0.00048070951875653356,660,61.971879959106445,3.462260554480614e-06,0.9999751081746459,0.9994795342658586,3.1653823893006184e-05
149,290,pv,30,second,1,3,9.838405702433318,660,34.48544216156006,2.3721290908725235e-05,0.9998146174699597,0.25522184789825275,0.09209212346311138
150,61,pv,30,second,3,1,0.001511499047965319,168,3.5407848358154297,3.378650584344263e-06,0.9999944642673516,0.9994408126025306,6.229685735949892e-05
151,61,pv,30,second,3,2,0.045770503520327084,168,8.793781042098999,9.309518692271809e-07,0.999999649228877,0.99911704558988,0.00018630145316548478
152,61,pv,30,second,3,3,0.004574157558704314,168,4.316499948501587,4.11265707754455e-06,0.9999851654164958,0.9987839891914918,0.00010794846112659149
153,64,pv,30,second,3,1,0.008265571550813016,106,4.57471489906311,2.601600019976779e-07,0.9999993484618835,0.9849714134131127,0.0012698718917162116
154,64,pv,30,second,3,2,1.4126902527731304,106,9.551249980926514,8.859116694352169e-07,0.9999889268634107,0.7193447274820918,0.029566338689155477
155,64,pv,30,second,3,3,9.236353106322806,106,1.8970057964324951,0.18009802436005687,0.29192419308937106,0.08729717033417658,0.1684553062350333
156,106,pv,30,second,3,1,9.947037174067011,230,2.2704710960388184,0.08016949501961323,0.5710932866352028,-0.25618336082114845,0.27274827512885774
157,106,pv,30,second,3,2,0.028076004221388805,230,6.998075246810913,4.2664345457409656e-06,0.9999548930453218,0.9915599475446027,0.0005000622948541082
158,106,pv,30,second,3,3,0.19204508859198494,230,9.139858961105347,5.042175973730161e-07,0.9999959868065347,0.9871332650723231,0.0005508518266968634
159,204,pv,30,second,3,1,10.884898790832732,49,1.2897119522094727,0.003176619777487059,0.991878145046586,-0.5337701150006595,0.3759351325237273
160,204,pv,30,second,3,2,0.4832549241549276,49,3.7392890453338623,4.686306554957106e-10,0.9999999979722205,0.8693871873576926,0.007013963476613689
161,204,pv,30,second,3,3,0.2360635700898827,49,3.6812028884887695,6.6171581914679e-10,0.9999999964722094,0.9887110521782749,0.002885244530211768
162,296,pv,30,second,3,1,0.0002755472614507259,507,15.231683015823364,5.399677259381043e-07,0.9999985985472825,0.9995295573389762,3.3982630822859085e-05
163,296,pv,30,second,3,2,0.009789313258286057,507,34.01402521133423,3.0823540459194006e-05,0.999848979405818,0.9886431033005899,0.00022825298056487858
164,296,pv,30,second,3,3,0.00289330556681969,507,34.988187074661255,5.251339830914356e-06,0.9999957982897575,0.9996336693942327,9.797681514215696e-05
165,35,pv,30,second,8,1,5.371102744590455,148,1.4738280773162842,0.12293492072983409,0.8603843834081126,0.26640170930164647,0.2095303560490918
166,35,pv,30,second,8,2,2.396489707689067,148,3.5327179431915283,0.00014422953745567106,0.9993264687276436,0.7871943808873872,0.014611643617904737
167,35,pv,30,second,8,3,2.375149457397034,148,7.839416265487671,0.00016471645315363536,0.9998478865288302,0.7523652197013317,0.0191354086313355
168,89,pv,30,second,8,1,0.27921919165099457,306,10.528069019317627,9.535905039687995e-05,0.99973248821636,0.9505271626450068,0.003986216249814348
169,89,pv,30,second,8,2,24.508769393286315,306,5.629061222076416,0.015689075719862628,0.9104005057457527,-0.30553059644117353,0.23686907706433147
170,89,pv,30,second,8,3,1.1399469851351545,306,3.8546087741851807,0.02583570222977564,0.9296466939945462,0.1241399826250562,0.14760630010070508
171,114,pv,30,second,8,1,7.128724908747559,82,42.45727181434631,0.00011386450630015385,0.9996119018151775,-0.052386360621532214,0.23574256323145656
172,114,pv,30,second,8,2,16.63045038248419,82,1.461271047592163,0.0004968453891517666,0.9963665468592842,0.2994836623117707,0.2027555852429616
173,114,pv,30,second,8,3,1.2315592424288782,82,2.0432817935943604,0.017378883264828764,0.9793157461382136,-0.10190578181748738,0.138168181581645
174,195,pv,30,second,8,1,110.09379030273197,88,2.2021312713623047,0.0009695975135271117,0.9941152301870986,-0.31505331346005666,0.21905282310054483
175,195,pv,30,second,8,2,3.1639372814427196,88,2.761800765991211,0.03673467978953879,0.9186212693770048,-0.05051820789278226,0.26521771761358576
176,195,pv,30,second,8,3,3.995366265120352,88,2.5106990337371826,1.2610033184084286e-05,0.9999687879566781,0.740035442123572,0.01705872943675486
177,265,pv,30,second,8,1,0.13230030336226414,344,11.336114168167114,0.009512423775497342,0.9818670290427861,0.4932218184940909,0.05450026530240622
178,265,pv,30,second,8,2,2.025714712511544,344,2.8630096912384033,0.06992283326514678,0.9372280234207291,0.21882796174356797,0.21585899408431258
179,265,pv,30,second,8,3,0.32907800152758704,344,9.741379022598267,0.00011240039773340145,0.9997644795057594,0.9839556179164579,0.0032770201928047984
180,14,pf,20,second,1,1,1.2435943680943122,44,2.246032953262329,8.647668129136349e-08,0.9999996465306419,0.9752006798762555,0.00655564771931316
181,14,pf,20,second,1,2,95.78519994571154,44,2.568247079849243,0.00010855369772523279,0.9996099365310036,-0.8965314298159387,0.24793494456511678
182,14,pf,20,second,1,3,1.647429534770306,44,1.9222171306610107,0.015074351744597904,0.9601940500721374,0.5150551960443464,0.1706365853069359
183,106,pf,20,second,1,1,0.8629694235480381,230,14.3471040725708,1.0124815280338039e-05,0.9999923784398416,0.9869110176455616,0.002350759228643698
184,106,pf,20,second,1,2,1.059844291684587,230,7.030307054519653,5.296273119212372e-06,0.9999817055640389,0.4300715673572823,0.030493255879173696
185,106,pf,20,second,1,3,2.1397961296468573,230,6.585138320922852,5.9698951904595975e-06,0.9999826535571602,0.6166385032788778,0.007905281694594212
186,118,pf,20,second,1,1,68.45174060223388,240,4.914138078689575,9.836889380208007e-05,0.999741279138874,-0.3793520260278271,0.08748155963874298
187,118,pf,20,second,1,2,0.40223647036068727,240,5.705544948577881,4.925729221766998e-06,0.999991409257503,0.9474353704749643,0.0017663552020978812
188,118,pf,20,second,1,3,1.7907684741657477,240,6.34793496131897,2.6711341508761456e-06,0.9999996293856984,0.9978728963378628,0.0005189805742241023
189,157,pf,20,second,1,1,1.7190403368539098,321,4.05889892578125,0.4573503922538182,0.544796752536605,-0.7964197134168881,0.2214916099355877
190,157,pf,20,second,1,2,160.77631246827343,321,8.303930282592773,0.0053073649650600034,0.9908721924749886,-0.09534907883747877,0.18729827085006143
191,157,pf,20,second,1,3,0.4345548422951245,321,9.243396759033203,7.762688812328352e-07,0.999997894846751,0.9803023295457133,0.0006559829846860249
192,167,pf,20,second,1,1,7.5529919750888705,72,2.0249550342559814,2.931539080301792e-06,0.9999947007597884,0.9802303627729244,0.003501886502938689
193,167,pf,20,second,1,2,0.275991078633228,72,3.5614819526672363,5.529488666229913e-09,0.9999999900647633,0.8754663640615081,0.009086318345023816
194,167,pf,20,second,1,3,1.8125650504644084,72,6.357506990432739,8.414193071659094e-10,0.9999999940599522,-0.0025526000761309964,0.07311730537352351
195,91,pf,20,second,3,1,19.730371027210634,581,23.99982213973999,0.008836293799875813,0.9696275438165176,-0.03899488807654329,0.06810213703441378
196,91,pf,20,second,3,2,0.41872036772451215,581,23.00311017036438,1.9391497232850513e-05,0.9999872136239373,0.999562002650058,9.626411814129347e-05
197,91,pf,20,second,3,3,6.0626846138127455,581,48.308626890182495,0.018707595939409603,0.9736928548715997,0.6845490759613015,0.028610037719271272
198,219,pf,20,second,3,1,0.19675096763393232,151,7.2876622676849365,1.3197749850358527e-05,0.9999763628901754,0.9526835632107663,0.0015429098251867625
199,219,pf,20,second,3,2,2.0117516199057577,151,13.250121355056763,4.0752119570247635e-06,0.9999939888581497,0.6793802306907178,0.023681155446922217
200,219,pf,20,second,3,3,27.058034157352793,151,4.207111835479736,0.11942715449751366,0.47087884232383836,-0.17436488210591208,0.3086321374313282
201,247,pf,20,second,3,1,0.41082500760386576,178,10.125684976577759,1.8162230994980186e-05,0.9999846067607385,0.5599295215319814,0.01960147901196864
202,247,pf,20,second,3,2,0.48341377104945094,178,6.428185939788818,6.978843475774791e-05,0.9999820880867745,0.9264137896833524,0.0018767427877460195
203,247,pf,20,second,3,3,1.6081566315208096,178,8.029584884643555,4.087595547884289e-06,0.9999949864134225,0.9973625870997385,0.00012684081035108766
204,249,pf,20,second,3,1,1.0795980794301445,192,7.818424940109253,3.5779420242147403e-06,0.9999934032991405,0.11012415202266031,0.036549225314922856
205,249,pf,20,second,3,2,0.5569454430380067,192,10.417354822158813,1.4404140193495848e-05,0.9999739403806859,0.9888628542025559,0.00037620218722558206
206,249,pf,20,second,3,3,0.5761634724865317,192,5.24248194694519,1.3050764908551358e-05,0.9999808161902554,0.9973014058107506,0.00015797784365206868
207,296,pf,20,second,3,1,0.19994409063292018,507,39.353827714920044,6.110703535343234e-05,0.9999419290783463,0.9775080398391194,0.0014132763803395144
208,296,pf,20,second,3,2,0.07161200275836999,507,29.803120136260986,2.876438411062082e-05,0.9999392165516742,0.9911224339321628,0.0010029826561492236
209,296,pf,20,second,3,3,0.675864694777174,507,51.350857973098755,7.355317694859077e-05,0.999931293264525,0.9998056688873924,3.0469570269784664e-05
210,58,pf,20,second,8,1,7.296141592355131,106,1.3879778385162354,0.18216831225234495,0.8538899418578734,-0.30347223188217626,0.33249783018754414
211,58,pf,20,second,8,2,473.8012327360003,106,2.1853630542755127,0.0025585917458262174,0.9862836559321988,0.35505671396648,0.1179416442630547
212,58,pf,20,second,8,3,6.490303101260688,106,4.270709991455078,0.0005801575377633218,0.9992393724005826,0.8728401581491143,0.009879065996175733
213,95,pf,20,second,8,1,7.6997111616927505,89,2.9296882152557373,0.00011350193324142046,0.9999316024656922,0.8180458380706556,0.008957305004294293
214,95,pf,20,second,8,2,22.2476663281812,89,3.9303958415985107,2.6959685758823988e-05,0.9999702582001292,0.5459588808473411,0.03249854963097405
215,95,pf,20,second,8,3,59.40553685454323,89,2.068234920501709,0.022332805254938835,0.9750920473570743,0.3315486765171246,0.15182242240665134
216,157,pf,20,second,8,1,7.2642833391677915,321,18.83572006225586,9.369340680445892e-05,0.999563462184347,0.5446067200714402,0.041155431384682716
217,157,pf,20,second,8,2,4.496724919192941,321,7.179088830947876,0.0007804079592334557,0.9988144377807024,0.8482617306231713,0.009747972500715445
218,157,pf,20,second,8,3,5.592009355370186,321,13.397913932800293,0.0005079526816627493,0.9987712518714836,0.6828450905416356,0.02111054088575521
219,178,pf,20,second,8,1,16.739797413036364,173,10.885940074920654,0.2648003007005199,0.8041544683260504,0.09561434996067156,0.2441120766189057
220,178,pf,20,second,8,2,733.3862007960666,173,5.621860980987549,0.09895623360377363,0.9533529190735868,-0.47406590924914044,0.199958207254446
221,178,pf,20,second,8,3,2.397683697997577,173,5.846846342086792,0.0006423252763473619,0.9988411754432133,0.8621401612121292,0.010911555851901966
222,283,pf,20,second,8,1,329.56454544289727,263,6.9948570728302,0.25129585778166197,0.8402857276803062,-0.33614879910339746,0.24544334429357018
223,283,pf,20,second,8,2,8.836256199012988,263,9.255277156829834,0.00018031933149974106,0.999750124723534,0.8864275731813152,0.006494800752683191
224,283,pf,20,second,8,3,17.12738081045171,263,1.937621831893921,0.5015917529513584,-0.2650359928370821,-0.09414146097847868,0.27831629722872236
225,25,pf,30,second,1,1,0.40915720004763273,325,16.56697702407837,7.826267137282694e-05,0.9998268064973049,0.9964834651004301,0.0004043060704984439
226,25,pf,30,second,1,2,1.6125764300236476,325,10.331110954284668,1.563634085395206e-05,0.9999945871154754,0.9996044663117684,0.00013993938848650645
227,25,pf,30,second,1,3,0.037268998597976034,325,7.737022161483765,1.3020701388342373e-06,0.9999983070714548,0.9988744049104678,6.074603429620494e-05
228,45,pf,30,second,1,1,0.06714916178974528,275,10.589833974838257,1.36029360808088e-07,0.9999998646279062,0.9989319234990759,0.00034008584285040975
229,45,pf,30,second,1,2,0.08818900751567646,275,21.80127739906311,2.0400873465482215e-05,0.9999831667257505,0.9319170768596882,0.008570113643036519
230,45,pf,30,second,1,3,234.11977374988092,275,9.056595087051392,0.799650225902668,0.283076720866442,-0.5500629671434387,0.3425835763719092
231,75,pf,30,second,1,1,2.5699477776059987,94,4.417436122894287,1.395614698273983e-07,0.9999995814754374,0.9943663314077986,0.0010924162598191932
232,75,pf,30,second,1,2,3.735612794854952,94,15.971033096313477,0.017286490418428026,0.9837546321266345,0.945905800455296,0.06282055264178497
233,75,pf,30,second,1,3,0.11324879565886493,94,5.357944965362549,2.1376092138287073e-07,0.999999817966868,0.9999480066929006,5.6046224029183156e-05
234,91,pf,30,second,1,1,0.04183777091739628,581,22.15738797187805,3.0822660374564e-06,0.9999962244549457,0.9999836734495666,2.0703405767444904e-06
235,91,pf,30,second,1,2,0.208694572502583,581,18.417407989501953,1.8143359578371523e-05,0.9999758058332017,0.9996669120594077,2.3542790596720143e-05
236,91,pf,30,second,1,3,0.3737949595279892,581,42.45614314079285,3.953092750761359e-05,0.9999332146921226,0.9278447856343816,0.0013608575969475541
237,134,pf,30,second,1,1,7.341798598768692,185,3.586721897125244,0.047387898115169746,0.9772133391161111,0.9057748493263129,0.032204431528199635
238,134,pf,30,second,1,2,0.2615788760345833,185,8.573747158050537,1.997335549233446e-07,0.999999892512105,0.9715019963722522,0.0013599713037053501
239,134,pf,30,second,1,3,2.7655768029574057,185,5.250684022903442,0.7927269254683554,0.7717688199757382,0.22747074351172053,0.23029065624664613
240,4,pf,30,second,3,1,0.07403386773754128,430,14.151889324188232,0.00022728580787055656,0.9994872673853052,0.9635836859811987,0.003713163093710366
241,4,pf,30,second,3,2,0.05123088931436877,430,20.159156799316406,6.119584536102105e-06,0.9999923873349382,0.9997877068004384,3.2395927194797107e-05
242,4,pf,30,second,3,3,15.409957506182696,430,7.034367322921753,0.3955401499803721,0.2229947973001288,-0.37731417215700597,0.20431785329986674
243,174,pf,30,second,3,1,0.7489330236049562,125,2.2183430194854736,0.009152369441676201,0.9959499609236019,0.17694467418085386,0.041597758250261525
244,174,pf,30,second,3,2,3.0120490977634926,125,11.399446964263916,6.009530124497321e-07,0.9999993419112551,0.8539293224212106,0.008465074785587721
245,174,pf,30,second,3,3,7.083693955663327,125,7.738609075546265,2.596701844194052e-05,0.9999606351817305,0.9901496400797454,0.001499448846719476
246,278,pf,30,second,3,1,23.734772700712583,159,4.825731039047241,0.023299648522854502,0.9866396687913068,-0.11049215374296206,0.12280463651202522
247,278,pf,30,second,3,2,2.3653026968030315,159,8.305976152420044,2.2101067373678157e-05,0.9999111112238789,0.931095545181612,0.0038655442373204873
248,278,pf,30,second,3,3,30.42861712636511,159,3.954216957092285,0.35769013228810187,0.335902377233511,0.06604605661636404,0.24476400647243074
249,292,pf,30,second,3,1,2.0665937358067747,124,15.495027780532837,2.0317581177706744e-06,0.9999974231647416,0.9982386743955091,7.712181389037301e-05
250,292,pf,30,second,3,2,1.3319789244022044,124,7.69743275642395,4.429116081913131e-08,0.999999996902343,0.9018366441625275,0.004457092693781813
251,292,pf,30,second,3,3,6.510364876922406,124,8.556104898452759,0.3211607274745919,0.8990950202313625,0.5262949199771075,0.17693742107075464
252,295,pf,30,second,3,1,1.2273173510283772,166,22.61040687561035,1.620451331690272e-06,0.9999994724872169,0.652937271235656,0.030631201729723962
253,295,pf,30,second,3,2,0.13585777159734064,166,8.56025505065918,1.4652127967591624e-06,0.9999994987798083,0.9889356463976972,0.0010381255284661903
254,295,pf,30,second,3,3,1.8301011985977407,166,8.912381887435913,0.022994715923164304,0.9703463141101913,-0.11475702267778917,0.2182183474505582
255,76,pf,30,second,8,1,4.5174599880611845,68,2.1296911239624023,2.0391282865528787e-07,0.9999995464668053,0.39904538490194197,0.029165099396351448
256,76,pf,30,second,8,2,29.031706353065147,68,4.89487886428833,1.6912023510853654e-05,0.9999592128761324,0.24183228245466354,0.062844902327277
257,76,pf,30,second,8,3,38.39145882010161,68,5.077347755432129,1.1642993450146476e-06,0.9999967579706429,0.10343503673848346,0.06305715862958008
258,99,pf,30,second,8,1,11.2059200904614,126,4.761183738708496,0.0006128505226417142,0.9951636619358685,-0.16363887154382684,0.18815585462136047
259,99,pf,30,second,8,2,4.674046573647923,126,16.099114894866943,0.10626112143511779,0.8990119264906048,0.14295212846222607,0.230870062833235
260,99,pf,30,second,8,3,7.712895199236796,126,2.9152140617370605,0.030466966848673453,0.9516303373678414,0.36716055979159773,0.1718074798097504
261,122,pf,30,second,8,1,17.73545904889282,128,2.068267822265625,0.14110531343388077,0.1643363421391449,0.3884901345432715,0.1884973508107418
262,122,pf,30,second,8,2,2.57018654820474,128,6.094245910644531,0.00038665353997343883,0.99980733550529,0.9556779351836586,0.0026058752872830256
263,122,pf,30,second,8,3,5.42653239102853,128,7.111909866333008,3.1291755100543794e-05,0.9999826274868009,0.8901655246819957,0.007588680625497454
264,254,pf,30,second,8,1,13.977311248314649,117,2.677901029586792,0.021183182173860046,0.9892659617248921,0.37806895362038534,0.16013871730623053
265,254,pf,30,second,8,2,55.36921298375638,117,9.318601846694946,0.022886784091321433,0.899995743640543,0.24688785938661123,0.2122591553645019
266,254,pf,30,second,8,3,2.968451595609695,117,4.878750801086426,0.025242290752195615,0.8220057631115756,0.5313004637289618,0.13755810442738872
267,283,pf,30,second,8,1,1.7703740160478838,263,13.583629846572876,1.6400458039708357e-05,0.9999686858904395,0.8790306261671933,0.0083085880616604
268,283,pf,30,second,8,2,10.545732763275684,263,10.085062742233276,0.0003471763762239936,0.999618849068901,0.974952618399913,0.0016645623656609744
269,283,pf,30,second,8,3,5.127261236347564,263,9.710958003997803,0.0013821095861175545,0.9994559748829848,0.9044986054395366,0.008057157797257394
270,3,pvi,20,second,1,1,2.490162476222436,187,3.25386118888855,0.10257683853939367,0.9634864828907127,0.8468875040314783,0.10547014314616461
271,3,pvi,20,second,1,2,0.0029126205906664826,187,9.280965089797974,2.4255156183940654e-07,0.9999985924438108,0.9982348719719569,0.00026931598879212197
272,3,pvi,20,second,1,3,0.42299062608537086,187,3.1576790809631348,2.419115362051396e-06,0.9999938179595051,0.960695031573288,0.0031483207023892943
273,24,pvi,20,second,1,1,26.50353217923246,99,1.5720007419586182,0.1868844683763804,0.5821465289573118,-0.6430861264410327,0.4350828448239194
274,24,pvi,20,second,1,2,0.29239951685907367,99,5.601381778717041,1.2803427991448247e-07,0.999999719673424,0.9878452037459712,0.001700714448215235
275,24,pvi,20,second,1,3,0.25891592741785247,99,7.713089942932129,7.42794843919415e-08,0.9999998297334634,0.9874334273011585,0.0015712906144220386
276,146,pvi,20,second,1,1,0.13325189147237082,194,3.4271657466888428,2.7306670056029274e-06,0.9999959334122621,0.9708519537264351,0.002876843632010141
277,146,pvi,20,second,1,2,4.612475886661087,194,17.646159172058105,0.0001810680976193277,0.9997698249792749,0.6127326042657164,0.03921817762952369
278,146,pvi,20,second,1,3,2.856719524362193,194,1.8622989654541016,0.2702652249488385,0.7728286109649127,0.582376296710987,0.14738971544109314
279,181,pvi,20,second,1,1,0.08271669928478763,122,7.601532936096191,1.3834979549601783e-10,0.999999997509217,0.7582868254554653,0.001692029286740942
280,181,pvi,20,second,1,2,1.9821242327247124,122,6.2256247997283936,1.6706954526011007e-07,0.9999995937199401,0.3524690207547467,0.02181586332413153
281,181,pvi,20,second,1,3,3.7735875004136346,122,5.75519323348999,1.1739013671491592e-07,0.9999993871271714,0.62315925387615,0.04882488427102552
282,260,pvi,20,second,1,1,2.2103813941209496,686,36.99890327453613,2.6855233898576156e-05,0.9999912036286089,-0.4210214654021957,0.04751097877503056
283,260,pvi,20,second,1,2,0.06956742311437039,686,130.02462482452393,0.00012872165058726368,0.9998332306330788,0.990257613350159,0.00031130418202084397
284,260,pvi,20,second,1,3,0.07460256728965274,686,60.55903506278992,1.615654128449381e-05,0.9999682999115944,0.9954024861481305,0.0008939967176983443
285,20,pvi,20,second,3,1,21.279953633073358,83,1.647911787033081,0.01258118903230926,0.9489294361107304,0.06644587422168434,0.23829189887711702
286,20,pvi,20,second,3,2,0.006311392796619191,83,4.81357216835022,4.1482131399844926e-08,0.9999998743799827,0.991084052616647,0.0022389947890228998
287,20,pvi,20,second,3,3,0.34567828650717103,83,4.620841979980469,1.3883946780883747e-07,0.9999988775457833,0.931473742529727,0.00901766090842494
288,77,pvi,20,second,3,1,1.8631131455792647,79,3.0523641109466553,2.1912036649849884e-07,0.9999995375470571,0.964703038324893,0.0018167736145180816
289,77,pvi,20,second,3,2,44.76595939680235,79,3.433560848236084,1.5001329469466033e-05,0.9999762259346254,0.9065234050175052,0.03666015471392848
290,77,pvi,20,second,3,3,0.3343897924484003,79,3.4302611351013184,2.956193973659714e-07,0.9999994993545236,0.9418893980253548,0.0042876415958995875
291,105,pvi,20,second,3,1,0.04187794311080193,812,392.00613284111023,0.01619074279620204,0.9944114483991897,0.980137248736968,0.0005711478419247924
292,105,pvi,20,second,3,2,0.018751653811234573,812,61.07437205314636,6.176000121157636e-05,0.9999856518998087,0.9934898857009069,0.000301187810117482
293,105,pvi,20,second,3,3,0.01110304573255883,812,37.486335039138794,0.000308399403815913,0.999912199160539,0.9993739154506297,4.6301654586025875e-05
294,121,pvi,20,second,3,1,0.2436575096135862,371,11.317436933517456,9.251507452545574e-05,0.9999534679640291,0.946967331171071,0.00507706228313992
295,121,pvi,20,second,3,2,0.8136768264972288,371,19.58847403526306,6.77753912581023e-05,0.9996071263834211,0.925382091853553,0.005605502377605429
296,121,pvi,20,second,3,3,18.83654235457524,371,25.096271276474,0.00019522936323197146,0.9998454233649926,-0.2288922847522092,0.05332059886154849
297,242,pvi,20,second,3,1,53.78346996761122,186,1.8740527629852295,0.927244939142083,-0.34838163324723587,-0.013995293502271253,0.2691739856191097
298,242,pvi,20,second,3,2,0.28456633933687564,186,5.680980920791626,2.180377847798462e-05,0.9999882804636255,0.9871952401493562,0.0015399588106248898
299,242,pvi,20,second,3,3,1.9184041659659687,186,4.587553024291992,0.0023591662745638285,0.998970149586994,0.9238647260028932,0.023643659463577948
300,29,pvi,20,second,8,1,3.5383403892005894,301,15.205333948135376,0.0005246641085870882,0.9997028334023472,0.5367487803118922,0.020729071021061623
301,29,pvi,20,second,8,2,223.9033839664646,301,8.72769045829773,0.257433574718054,0.4132976830486745,-0.3187713147342513,0.21369527430374036
302,29,pvi,20,second,8,3,166.9499808391629,301,25.340821027755737,0.0034360148525883196,0.999598337054107,0.40189456705530247,0.05028880297961561
303,158,pvi,20,second,8,1,0.12843912353276854,561,11.963622093200684,0.0003525190170644163,0.9999154513429749,0.9733749551484308,0.0021761476703170755
304,158,pvi,20,second,8,2,0.08581929898230033,561,39.838879108428955,0.003822383286576374,0.9972763504131529,0.9671518177436692,0.001942762757820528
305,158,pvi,20,second,8,3,1.0586369095009447,561,33.99504208564758,0.001647505086664818,0.9995823568584978,0.9166763174360218,0.008765018943688824
306,174,pvi,20,second,8,1,13.261854504778235,125,4.239104986190796,0.007338285093527404,0.9977434846417244,0.14881305466654454,0.23097922625015205
307,174,pvi,20,second,8,2,210.7282475985817,125,11.06482195854187,0.00011851424451164507,0.9998553077244106,0.015628071578968134,0.07437544657991933
308,174,pvi,20,second,8,3,26.97347646214809,125,9.600820064544678,0.0006985460937101609,0.9985713362654174,0.47549336687426685,0.041901293595212566
309,174,pvi,20,second,8,1,209.84030517560413,125,4.035557985305786,0.0013839011260052187,0.9980124518693432,0.4571091812211564,0.04679492836737131
310,174,pvi,20,second,8,2,6.850543121930827,125,4.190507650375366,4.9208413136958314e-06,0.9999945662701417,0.6813415464679264,0.028931728335835336
311,174,pvi,20,second,8,3,5.435587672784117,125,7.8701958656311035,7.131093100131174e-05,0.9998494030835254,0.733085601482064,0.010104917827841658
312,268,pvi,20,second,8,1,112.07706569757617,94,4.807745933532715,1.2530268234940441e-05,0.9999069488299865,0.2238397243154674,0.050469514671573394
313,268,pvi,20,second,8,2,12.929118576089403,94,1.6021180152893066,0.09994686029184817,0.639479737946608,-0.03581169934117539,0.2714897027293451
314,268,pvi,20,second,8,3,97.4061828615811,94,6.813526153564453,1.411089344043014e-05,0.9999066260762578,0.666439737946089,0.019598217981369577
315,15,pvi,30,second,1,1,1.6997010201694775,210,28.65652585029602,0.0004665910588743477,0.9999431664800695,0.04138902035668835,0.050626208540428895
316,15,pvi,30,second,1,2,0.604829623527634,210,12.06176209449768,0.00029094359044393885,0.999976533746521,0.950240291798452,0.009501076887071467
317,15,pvi,30,second,1,3,0.02930132478102965,210,10.531482934951782,6.685939905518838e-06,0.9999977960163067,0.9955909121627613,0.00028252617347152194
318,150,pvi,30,second,1,1,0.9462840547225554,127,14.6352698802948,4.654017036900667e-09,0.9999999969415216,-0.06854211721505771,0.022476355203347287
319,150,pvi,30,second,1,2,0.29305897135026526,127,4.989314079284668,7.13042676488493e-09,0.9999999814213211,0.9073856273328659,0.004688282722714054
320,150,pvi,30,second,1,3,56.56504897905296,127,2.0935890674591064,0.03199802378621818,0.7660937389249822,-0.38145869099110447,0.2769477118208629
321,213,pvi,30,second,1,1,0.07668647322892867,208,6.78170108795166,2.413892783487477e-05,0.9999129398282096,0.9917660676534279,0.0006006379950478671
322,213,pvi,30,second,1,2,0.01442289808763259,208,8.443243980407715,7.652450313738855e-08,0.9999999187272613,0.9978611620435746,0.0004697547557383565
323,213,pvi,30,second,1,3,0.03329683264960507,208,4.3434789180755615,5.65366302422682e-05,0.9999731597077736,0.9903744895141126,0.00231599121856411
324,270,pvi,30,second,1,1,19.521899464294147,109,2.0824403762817383,0.10117790452747771,0.8327920123434245,-0.8252684713874177,0.38490592460745227
325,270,pvi,30,second,1,2,0.1260289488540297,109,2.6737751960754395,3.6845688738638437e-09,0.9999999901225588,0.9730502049816042,0.003309209223118476
326,270,pvi,30,second,1,3,0.3290718464182431,109,5.741163015365601,3.1313318937821248e-06,0.9999868933711277,0.9056882850910043,0.01613941047920843
327,272,pvi,30,second,1,1,9.166643482032816,288,2.5235750675201416,0.22325502041908069,0.6785715541546992,0.5999444226825342,0.15865360720859106
328,272,pvi,30,second,1,2,8.095624355705786,288,2.881679058074951,0.6802084974433364,0.544457242733609,0.18693046258942492,0.21887681118112048
329,272,pvi,30,second,1,3,10.679887707838644,288,10.509584903717041,0.00019382661037112132,0.9982215363440875,0.14261453433323937,0.044542356039135894
330,22,pvi,30,second,3,1,3.3828036243632056,66,2.1397030353546143,0.0014903431085435898,0.9966745868718752,0.5920122260516132,0.1295403919505398
331,22,pvi,30,second,3,2,9.064595174704678,66,1.9023098945617676,0.0015702415438556417,0.9958012726945532,0.9108060751775675,0.08131729622827741
332,22,pvi,30,second,3,3,16.535716603727348,66,1.6024260520935059,0.0013671887375087063,0.9965647903098288,0.44038254918920283,0.18658553335296446
333,129,pvi,30,second,3,1,24.17707660469499,366,3.572619915008545,0.34708526647511806,0.5108443429652995,-0.042805298249228296,0.2609639748700201
334,129,pvi,30,second,3,2,16.447721347328716,366,2.9190871715545654,0.19585772567789125,0.6626069307329335,-0.24643912693889192,0.29396665390399135
335,129,pvi,30,second,3,3,404.06342243684804,366,8.723210096359253,0.35973092288382086,0.7602552383488298,-0.4559419408477509,0.31436388447382896
336,144,pvi,30,second,3,1,4.506050771600082,181,6.94780421257019,4.884955684971059e-08,0.9999999734430081,0.901705760907891,0.004350666911831906
337,144,pvi,30,second,3,2,0.781056305826683,181,6.111361980438232,3.28080314607946e-06,0.9999994326764424,0.8163925244357061,0.010048043263092395
338,144,pvi,30,second,3,3,1.077575270974887,181,16.714364767074585,0.30125570313051336,0.8086336162531325,0.10704309767123998,0.2425322269297082
339,152,pvi,30,second,3,1,0.15827721109625684,281,32.24050307273865,4.667556571862238e-05,0.9999975969364641,0.9725169778153968,0.007437472843455897
340,152,pvi,30,second,3,2,0.1575225723761421,281,17.07313585281372,5.830800111228329e-05,0.9999879543268503,0.9795070525729026,0.001311554273131399
341,152,pvi,30,second,3,3,301.1253098171729,281,19.51669406890869,0.16506573827439458,0.9269244506334371,-0.27059085402076843,0.21860725545062287
342,263,pvi,30,second,3,1,0.4742559782465605,149,5.372054100036621,1.3781811987282114e-06,0.9999942284839892,0.8302853786623929,0.0068307558539638215
343,263,pvi,30,second,3,2,0.13921730560299705,149,10.057120084762573,6.782123385663111e-08,0.9999998211723403,0.9651861856427426,0.0032297216831248987
344,263,pvi,30,second,3,3,2.423011901916031,149,5.332671880722046,0.42219175317204377,0.7831456958246062,-0.221815166918429,0.3406375307259478
345,45,pvi,30,second,8,1,7.545915380728935,275,13.007822036743164,0.0004945967410899593,0.9989900143401588,0.4909215640434184,0.034937297737199946
346,45,pvi,30,second,8,2,1.0401247405053804,275,12.929678201675415,7.252733773721625e-05,0.9999210417638222,0.8324641733013944,0.007745122148525819
347,45,pvi,30,second,8,3,4.816581593798609,275,8.31592607498169,0.04419675326046516,0.9778468091112434,0.6382442046785297,0.026237131493753226
348,66,pvi,30,second,8,1,84.02143640967688,79,8.200248718261719,6.675611041571655e-07,0.9999951981117284,0.5446063147488621,0.030307669371487225
349,66,pvi,30,second,8,2,6.143923603863166,79,3.3972079753875732,3.0394354487956468e-06,0.9999854957876261,0.46683675054410867,0.035373218383065334
350,66,pvi,30,second,8,3,488.3838454111915,79,5.903542995452881,6.633251924855829e-06,0.9999701858343085,0.0946336610855075,0.15792386835426186
351,175,pvi,30,second,8,1,102.33877374693219,82,5.20485782623291,1.2138545857677143e-06,0.9999960558726001,0.4629967151223588,0.03503263551373853
352,175,pvi,30,second,8,2,3.855034483439248,82,2.8990519046783447,4.616666185238723e-07,0.9999990366143062,0.890601585004729,0.008253478614346943
353,175,pvi,30,second,8,3,38.02909777598256,82,1.5436742305755615,0.15979672051515745,0.7861084320589828,-0.47115986499607687,0.36043474442597584
354,185,pvi,30,second,8,1,268.19844735485094,325,65.60798120498657,0.2881714639131994,0.3514382791746577,0.07326441445012372,0.2032360021510742
355,185,pvi,30,second,8,2,1.5468800286193938,325,16.840616941452026,0.7147436044714905,0.3582739169665348,0.41503603434116565,0.1840859528417369
356,185,pvi,30,second,8,3,1.2038573656976148,325,9.481443166732788,0.001960967698972649,0.9965180016381023,0.8423702032063068,0.010312310594549727
357,284,pvi,30,second,8,1,1.64156677128471,86,3.843740940093994,2.5702696430400078e-06,0.9999793808419739,0.8926807594091153,0.009115674846491575
358,284,pvi,30,second,8,2,5.896834790485387,86,5.66722297668457,5.399203162777926e-06,0.999969574211107,0.4874918843559014,0.028511854870133146
359,284,pvi,30,second,8,3,1.5834004405608397,86,4.201272964477539,2.4281613016008543e-06,0.9999980206666956,0.8807233303435986,0.00863673200131119
360,33,pif,20,second,1,1,4.450251919827195,96,8.17498230934143,5.0772403106771314e-08,0.9999999072979666,0.9276492227717488,0.01813883944239968
361,33,pif,20,second,1,2,4.50629137035373,96,2.0313029289245605,0.08565968730130313,0.42899797462285383,0.32868573172000654,0.058693862793127036
362,33,pif,20,second,1,3,31.313282004002662,96,2.4852490425109863,0.011913523450743091,0.971719549407919,0.9266676425647413,0.060934736202442066
363,180,pif,20,second,1,1,2.186804170075444,119,11.596335887908936,4.0887522100736243e-07,0.9999999664775427,0.9801482741949344,0.003921356761710318
364,180,pif,20,second,1,2,2.950385541066298,119,5.994642972946167,2.8869983841018798e-09,0.9999999964576242,0.7393864255358142,0.02628685924652242
365,180,pif,20,second,1,3,1.3656136534872918,119,32.25409412384033,0.04013397236415208,0.9788640160946175,0.969069634249559,0.06286518138776652
366,247,pif,20,second,1,1,3.2431244065218947,178,8.092240810394287,1.843542397546019e-06,0.9999978930893865,0.9716858425071562,0.006622947839898435
367,247,pif,20,second,1,2,8.603216567848365,178,3.6298980712890625,1.0453712533008944e-05,0.9999977934027776,0.8101743837233912,0.02582465062984019
368,247,pif,20,second,1,3,1.638314910618,178,8.630914688110352,9.843788382518054e-06,0.9999958100586761,0.6979317017172061,0.007163181607839884
369,248,pif,20,second,1,1,13.66019113983535,311,3.2837319374084473,0.6274891170966681,-0.5052965325457854,0.5494552588169083,0.1903104713601289
370,248,pif,20,second,1,2,44.73049204937513,311,8.699876070022583,0.2751606819707853,0.7420482976080879,0.4156663860990282,0.17719673131333302
371,248,pif,20,second,1,3,0.32753590320872555,311,9.057015180587769,1.7111299064578385e-05,0.9999814201855299,0.9926072517857709,0.0006649059275864295
372,248,pif,20,second,1,1,462.70932356863494,311,9.507791996002197,1.6604472983489234,0.521607652468511,-0.10131510179793776,0.174498500249433
373,248,pif,20,second,1,2,0.04472962800229893,311,7.986593008041382,1.61605035324547e-05,0.9999895312592509,0.9515537077704189,0.0016044732798700403
374,248,pif,20,second,1,3,2.808893600253428,311,9.197350978851318,8.56978246243722e-05,0.9999442472027351,0.9207709500169481,0.006350190523119398
375,4,pif,20,second,3,1,5.174153519651515,430,5.646189212799072,0.4253807123854046,0.8225489523928677,0.7754750783203197,0.12485663344841356
376,4,pif,20,second,3,2,22.610286226072407,430,50.51763081550598,0.0004576155507122713,0.9998959866999995,0.48702277948402095,0.039570693538167404
377,4,pif,20,second,3,3,0.05516275799632444,430,29.78470802307129,0.0024194986921577104,0.9995897158192898,0.9857241108121122,0.0012032598758680332
378,203,pif,20,second,3,1,430.76127398313093,601,46.461838245391846,2.5259738349356287,0.44689314400886,-0.07365855230289124,0.17927520416097179
379,203,pif,20,second,3,2,0.5737870508691071,601,76.96866083145142,0.0009116984895544998,0.9997908717177305,0.9970171094235818,0.00031550660503803054
380,203,pif,20,second,3,3,2.3542980005447416,601,19.58301615715027,2.7357811701986154,-0.006919433615484923,-0.36450789936027594,0.13642505382489023
381,222,pif,20,second,3,1,5.791692995007263,254,23.435231924057007,0.001588825081166376,0.9979877670179917,0.4030174574956864,0.046957328972744454
382,222,pif,20,second,3,2,0.43144742795601826,254,20.936007976531982,0.00010284757360880485,0.9999278347233045,0.9661054612008348,0.0020227831145625806
383,222,pif,20,second,3,3,2.339233796957583,254,29.21599292755127,1.2260233015579652e-05,0.9999982630207757,0.9169548757850268,0.011280320558345536
384,272,pif,20,second,3,1,1.9619633930732945,288,25.54882502555847,6.65797761310167e-05,0.9999832767319127,0.8422507128841724,0.014741383523909569
385,272,pif,20,second,3,2,7.738877798664187,288,2.295086145401001,2.02834867079061,-0.5587857293552623,-0.3098762086933182,0.36238336898621776
386,272,pif,20,second,3,3,4.995736075773796,288,10.195441961288452,0.029707857483021245,0.9853733852433102,0.8312773871334868,0.03442079748517762
387,294,pif,20,second,3,1,52.775391083758024,266,9.413997173309326,0.30205136996965015,0.8236016499806895,0.3872923293805008,0.07284113331162292
388,294,pif,20,second,3,2,11.701185721279982,266,25.82123589515686,3.505978171599427e-05,0.9999819543182583,0.5381535716059231,0.02816883913849188
389,294,pif,20,second,3,3,7.904524469249108,266,87.51605296134949,0.2929599510298687,0.935794121354922,0.2586956157340837,0.2048135541843593
390,26,pif,20,second,8,1,37.64041369757504,172,14.021756887435913,8.48494808397186e-05,0.9999793325970895,0.6885475507252922,0.011083547393471472
391,26,pif,20,second,8,2,277.40430823196976,172,12.14819884300232,0.08958129967191412,0.9697458084122554,0.02861346152397078,0.07128823104661178
392,26,pif,20,second,8,3,8.880354026237946,172,8.5314781665802,8.875137699606022e-05,0.9999517596452423,0.8712030673635359,0.012644286685951248
393,104,pif,20,second,8,1,78.6364635085695,119,3.1451289653778076,0.012642293280161143,0.989554316452286,-0.17123864447472503,0.09022415848956085
394,104,pif,20,second,8,2,94.61978638018383,119,6.579425096511841,3.2864382721538966e-05,0.9999633023971823,0.34338407790707226,0.03707377775783856
395,104,pif,20,second,8,3,265.7765649385032,119,10.100212097167969,0.00014099190401718712,0.9996165091818029,0.43390635078552864,0.0361539785044549
396,113,pif,20,second,8,1,210.66914584592766,71,7.91019082069397,1.0944929865373898e-05,0.9999937595215904,0.2907064725430321,0.034025891900443604
397,113,pif,20,second,8,2,172.67696823483087,71,5.463850021362305,1.97553046614355e-06,0.9999994131229023,0.5627685713824288,0.019817037844429296
398,113,pif,20,second,8,3,183.16741015899504,71,5.44631028175354,1.1609792694446335e-05,0.9999873613709281,0.7326319056610822,0.017912367645254067
399,114,pif,20,second,8,1,214.17651515450567,82,9.056637048721313,1.8381558520425407e-06,0.9999980932810493,0.3841907587693774,0.08414256655616663
400,114,pif,20,second,8,2,13.316716547957663,82,11.760940074920654,0.07291633374409814,0.6657693660160673,0.3502308749683819,0.17805189584342415
401,114,pif,20,second,8,3,136.5497837186734,82,8.671053886413574,7.142419628387482e-09,0.9999999872870701,0.5995173831121999,0.03286516601743379
402,292,pif,20,second,8,1,259.50227377495224,124,12.153455972671509,1.2725958278086512e-05,0.9999986209160142,-0.13342257006875358,0.06627377029921139
403,292,pif,20,second,8,2,154.88721070323524,124,7.496395111083984,0.05952667759984346,0.9700093390409342,0.041784621398777276,0.09015624730989294
404,292,pif,20,second,8,3,76.45693930811474,124,7.93518590927124,0.00011950136265413176,0.9999564103841295,0.5935037453022132,0.028307561251642254
405,25,pif,30,second,1,1,219.5648420100556,325,25.28996205329895,8.727388003513353,0.5054052833933346,-0.39561054423648734,0.28783287702795535
406,25,pif,30,second,1,2,7.389233659049057,325,15.361829042434692,9.502094903707731e-05,0.999991062577256,0.9930135937328729,0.0019823007740920077
407,25,pif,30,second,1,3,0.05332022622867636,325,10.920705080032349,1.8450071299378803e-05,0.9999920770010088,0.999181921412447,0.00026348626708811666
408,31,pif,30,second,1,1,1.0703852021953602,95,7.5770039558410645,1.0194587355549569e-09,0.9999999988381423,0.8635094603157739,0.011918593982823664
409,31,pif,30,second,1,2,1.416398200633154,95,2.1471991539001465,0.06041397521492127,0.8149427552892297,-0.6314606477910693,0.18984442426240483
410,31,pif,30,second,1,3,4.398125784171859,95,8.357262134552002,2.4719884580208348e-09,0.99999998619057,0.9332538836676658,0.005292445652054722
411,57,pif,30,second,1,1,7.063288604386671,214,3.871870994567871,0.8215442290401461,0.3579809967604136,-0.5186096842897212,0.24950910702232204
412,57,pif,30,second,1,2,0.5150106083900424,214,8.859740257263184,1.186017940519869e-06,0.9999994602553601,0.9026496345045072,0.008492537776855583
413,57,pif,30,second,1,3,1.3467350906259599,214,6.3796820640563965,0.7548667065276605,0.21381025523253053,-0.5584128127643927,0.3524069072243785
414,117,pif,30,second,1,1,43.35367907710424,55,1.531114101409912,0.032348013804471304,0.17742318106379001,-0.2708052068368885,0.31439721485069144
415,117,pif,30,second,1,2,443.62962568830153,55,8.883094072341919,1.418348877046479e-05,0.9996127212254792,0.40930678667874704,0.1690016078373527
416,117,pif,30,second,1,3,2.5534300254095146,55,6.136625289916992,8.297427659519092e-11,0.9999999995675712,0.8984956059327,0.00919597810336089
417,205,pif,30,second,1,1,5.837173432956145,65,6.748504161834717,3.0488390815998773e-10,0.9999999994489945,-0.15640815786190906,0.01577529486826532
418,205,pif,30,second,1,2,5.314235101572666,65,1.6996409893035889,0.027181047928752734,0.9379625613173984,-0.8091823554100952,0.30441187906507
419,205,pif,30,second,1,3,0.7437025067918689,65,3.576572895050049,5.466274275870271e-11,0.9999999999556991,0.6401950969788084,0.023339865289441434
420,9,pif,30,second,3,1,19.835160546863964,95,16.95256495475769,5.4632432928250564e-08,0.9999998468475181,0.13669817372300164,0.05835990350819717
421,9,pif,30,second,3,2,250.1367399920423,95,3.150907278060913,0.06994609408395923,0.7128856179652269,0.3364560802734528,0.13440977398247025
422,9,pif,30,second,3,3,27.315428423334073,95,12.706171751022339,1.0442328853956215e-07,0.9999998300321311,0.4659209842978478,0.05864850418734389
423,47,pif,30,second,3,1,12.051865204440753,99,17.750787019729614,1.4272525168469138e-08,0.9999999754868787,0.9492947035514848,0.009006110053873233
424,47,pif,30,second,3,2,6.71119059626875,99,2.0757339000701904,0.13585116445629597,0.8338360375604007,0.654624837195212,0.15040016941201753
425,47,pif,30,second,3,3,0.5454160614698303,99,8.802515029907227,5.579866233321845e-09,0.9999999986045507,0.977945270692925,0.0031428916132825503
426,164,pif,30,second,3,1,0.5011174562975022,321,29.623411893844604,0.00043037919487949464,0.9998315645390521,0.9518962135582162,0.004626916670905431
427,164,pif,30,second,3,2,3.9251138917623156,321,32.05994009971619,4.901098115934187e-05,0.9999915992454013,0.9627327291437366,0.0031211346281577873
428,164,pif,30,second,3,3,6.6334725940875146,321,7.898648023605347,2.550710937749908,0.2640235816201009,0.2781550881825725,0.1918129421310815
429,203,pif,30,second,3,1,2.9492984326750107,601,2.8218400478363037,0.7908092644246459,0.0700176775727283,0.23361381421159697,0.12763243767346324
430,203,pif,30,second,3,2,0.14038753700041087,601,180.65528011322021,0.0008738279187011584,0.9996727921278851,0.9854396221676659,0.001110686062111563
431,203,pif,30,second,3,3,0.1854315213013965,601,60.05880284309387,0.0001188910090987248,0.9999853026842507,0.8726095649168041,0.018327123167825202
432,286,pif,30,second,3,1,0.8509405881384587,276,30.04530906677246,0.00013856842178270042,0.9999491799109855,0.9923972956957908,0.0011468982391619924
433,286,pif,30,second,3,2,35.64989346697474,276,2.2758960723876953,1.821676245866921,-0.7879985333720988,-0.3215629449092077,0.3766253771691291
434,286,pif,30,second,3,3,1.5355934215354095,276,16.859550952911377,0.2018060592262753,0.9333387699291351,0.6070090408433015,0.14195427899904922
435,89,pif,30,second,8,1,4.8291525786625895,306,16.001551866531372,0.0008469086952793148,0.9995842450993365,0.802530181059376,0.021244962436064493
436,89,pif,30,second,8,2,35.21198447011146,306,5.324017286300659,0.2645483640253501,0.8474627352727009,0.4999962662397526,0.1207357835238634
437,89,pif,30,second,8,3,4.875761932745916,306,16.202749967575073,0.20384943868337793,0.9195418540422844,0.43955550754863204,0.16746380282310835
438,99,pif,30,second,8,1,106.63494364599093,126,11.763259887695312,8.030400292281558e-06,0.999998479870668,0.5934218944307575,0.024766910262847087
439,99,pif,30,second,8,2,106.62792848722414,126,15.121816635131836,3.894229114553859e-06,0.9999995173340874,-0.056531355500131726,0.05348506603221168
440,99,pif,30,second,8,3,14.782996020311934,126,11.161651849746704,0.038728409531567795,0.9885391465144698,0.16366522666128275,0.15017369780414735
441,154,pif,30,second,8,1,3.026016357412344,353,15.11353611946106,0.2879595440518083,0.8693315030878462,0.6103913813996441,0.11309144488509382
442,154,pif,30,second,8,2,3.654606700065159,353,49.23493719100952,0.0026092411766117257,0.9976143568041588,0.3833849230053206,0.035174301125183355
443,154,pif,30,second,8,3,41.78316931101843,353,19.13322687149048,0.9690129948210435,0.5876127993552275,0.11939905429227518,0.10482361887164977
444,205,pif,30,second,8,1,396.21167863914803,65,19.36148190498352,1.0213134676581808e-07,0.9999997798639632,0.2346074235814133,0.04093481428588098
445,205,pif,30,second,8,2,280.7392446877856,65,20.934664964675903,2.5646445727202646e-07,0.9999996100093947,0.7681694406010514,0.01884407346168701
446,205,pif,30,second,8,3,296.787799451354,65,9.762142896652222,6.270907797086313e-08,0.999999963131709,0.6668302934830531,0.020404231193073427
447,246,pif,30,second,8,1,4.236809558968795,344,23.315395832061768,0.0003681593773859485,0.9996814993657162,0.8647039991152541,0.0046641577317091416
448,246,pif,30,second,8,2,0.843893624998338,344,40.14273405075073,0.0004019280798278492,0.9997216808144455,0.8635585752288658,0.007074255914485187
449,246,pif,30,second,8,3,6.014086971486314,344,23.028657913208008,0.0004668930388238394,0.9998934781603576,0.45142486391968556,0.024252033508084324
450,86,pvf,20,second,1,1,0.7959294203594444,311,7.423283100128174,3.690541584796479e-05,0.999991800866255,0.9999411595189979,1.0894786723617522e-05
451,86,pvf,20,second,1,2,0.012107090564503232,311,8.382375955581665,5.527721080347034e-07,0.9999994083768043,0.9999323405323095,1.986840105287391e-05
452,86,pvf,20,second,1,3,0.5450316481016108,311,4.354748964309692,1.1848936986353548e-06,0.9999994338093584,0.9984106018927346,4.853759884813999e-05
453,90,pvf,20,second,1,1,0.22102674699373268,97,3.8683438301086426,5.002686445793529e-07,0.9999972569238993,0.9889319957531665,0.002764895970580455
454,90,pvf,20,second,1,2,0.6479484589531244,97,3.470088005065918,2.756901401315598e-08,0.9999997996084525,0.8731149157836663,0.0052653867341390945
455,90,pvf,20,second,1,3,0.5476075342838839,97,4.823980808258057,2.6443263483563503e-06,0.9999844273899924,0.9955351758933905,0.0006028267940483854
456,112,pvf,20,second,1,1,0.5895961812459399,70,4.439725160598755,9.105382718126553e-10,0.9999999877522158,0.7845682182914288,0.004649035047400622
457,112,pvf,20,second,1,2,23.951488326419522,70,2.7808849811553955,6.037470660629189e-07,0.9999964981676712,0.9873171961162113,0.02506351973546326
458,112,pvf,20,second,1,3,2.525179916227557,70,2.9487380981445312,2.1895597961228225e-08,0.9999998784307698,-0.333004541453998,0.10118205720945625
459,195,pvf,20,second,1,1,0.11019813015311442,88,2.876093864440918,5.002184248375669e-07,0.9999983972417581,0.9889261557488904,0.003443915880833144
460,195,pvf,20,second,1,2,2.792419670450764,88,2.0545871257781982,0.22025850147371007,0.2850143138064441,-0.6502540394979669,0.4320396803196353
461,195,pvf,20,second,1,3,7.885929082813274,88,1.4095139503479004,0.07500987242558482,0.7849367954550684,-0.25396835532900425,0.2664282959490367
462,226,pvf,20,second,1,1,0.14264312542188692,541,14.441581726074219,8.308853067945735e-06,0.9999876596384719,0.9980253624599413,7.518917719347403e-05
463,226,pvf,20,second,1,2,0.664291632597723,541,17.520204067230225,9.646767271880883e-07,0.9999965597056807,0.8017278906235183,0.012058046303163109
464,226,pvf,20,second,1,3,0.18011832526967184,541,16.57138705253601,2.4934300052720723e-05,0.999965449354003,0.9432887493320773,0.0010112600432482333
465,77,pvf,20,second,3,1,33.810071819398296,79,1.6382710933685303,0.003129740592746467,0.9946301304717279,0.7618950284641199,0.1041473326099635
466,77,pvf,20,second,3,2,2.949089406557391,79,4.835197925567627,1.2695691421844278e-05,0.9999870478294375,0.7708360626271434,0.035569336967863296
467,77,pvf,20,second,3,3,2.866791332044017,79,1.5178589820861816,0.0028556116651409784,0.9857892074545014,0.7438985753865412,0.1196715435614899
468,167,pvf,20,second,3,1,2.9819045996503832,72,3.3221139907836914,0.0008305877971796912,0.9943244107347822,-0.03644934649594815,0.20399017426812407
469,167,pvf,20,second,3,2,1.575815291907575,72,5.812685966491699,5.3235436154804e-07,0.9999991804268542,0.6750156575662104,0.01372739261377537
470,167,pvf,20,second,3,3,0.5918736424396838,72,2.7794392108917236,3.27276373965643e-08,0.9999999530088952,0.9526511071899435,0.00201976384150279
471,219,pvf,20,second,3,1,419.5256682004452,151,74.9804220199585,0.017509944168283012,0.9254219928352053,0.5029277744986904,0.14123153747144238
472,219,pvf,20,second,3,2,0.7380351836401479,151,5.883074045181274,6.265812352767684e-06,0.999892726047638,0.9710178253616699,0.005405242759513136
473,219,pvf,20,second,3,3,1.8628375848116703,151,12.483949899673462,0.0260154900830521,0.8536360451072438,0.862628505602988,0.06627215269748707
474,236,pvf,20,second,3,1,0.4600659673154331,647,42.38981103897095,4.068641502585673e-06,0.9999973754428361,0.998999848382656,0.00019627671989367506
475,236,pvf,20,second,3,2,3.244458658730405,647,21.025835037231445,0.00018842470523638117,0.9996049038477318,0.9922643389658438,0.0013846342434107707
476,236,pvf,20,second,3,3,21.50737676285053,647,5.786474943161011,0.01964334291348583,0.9795715784427529,0.8671209802680515,0.09728353052990826
477,276,pvf,20,second,3,1,46.931153417634675,157,7.1361730098724365,0.03190649944534964,0.9886456016453576,-0.2579136705696282,0.24806859637729634
478,276,pvf,20,second,3,2,1.4576750366040114,157,11.799531936645508,6.2012400678824455e-06,0.9999939771179691,0.990374167039846,0.0005504197006822786
479,276,pvf,20,second,3,3,372.69664384523327,157,4.477324724197388,0.00757919814785388,0.9813846703990651,-0.06253220380173279,0.22567831093173885
480,48,pvf,20,second,8,1,4.415266787040408,101,8.053900957107544,2.8691248564603166e-05,0.9999607134012789,0.5172910723099885,0.03447485016159979
481,48,pvf,20,second,8,2,86.75149394637562,101,9.015522003173828,9.20885566044893e-05,0.9998399126854722,0.260000392947938,0.056480807124404564
482,48,pvf,20,second,8,3,590.5029821570546,101,2.4245798587799072,0.00033860362102474897,0.9991707330965569,0.37653248550816676,0.1274397343109077
483,98,pvf,20,second,8,1,548.4856145489522,89,3.0320181846618652,0.05039399221680541,0.9819804244274828,-0.023241379945083487,0.19215120665651386
484,98,pvf,20,second,8,2,26.341732396198257,89,4.812511920928955,1.992789745248482e-05,0.9997261839803144,0.08961606008648855,0.04031705777383341
485,98,pvf,20,second,8,3,19.37553998435204,89,2.496833086013794,0.042532269539468655,0.34127206057350323,-0.28194744971248753,0.2944693730707462
486,178,pvf,20,second,8,1,16.347161250205783,173,7.965538024902344,5.2358492364321615e-06,0.9999872050944749,0.4629798355919341,0.031445760301399374
487,178,pvf,20,second,8,2,1.920503118948363,173,1.9370620250701904,0.12273994208411595,0.9492826130600519,0.0470925649775943,0.2452349812888481
488,178,pvf,20,second,8,3,30.45241496045412,173,8.784852027893066,0.0003476525334413157,0.9993204419339962,0.4837883975972682,0.03827071045945375
489,244,pvf,20,second,8,1,24.583374100256535,262,6.349524021148682,0.13957288781461297,0.9350150055010357,0.2970813161587629,0.1272100251615037
490,244,pvf,20,second,8,2,14.377063744560665,262,15.469276905059814,0.0006581355585892245,0.9993377955693734,0.4264417700556251,0.03224085637087453
491,244,pvf,20,second,8,3,7.862980523774027,262,8.296903848648071,7.484349288733621e-05,0.9999564267957194,0.4666027862459236,0.03350942561175779
492,279,pvf,20,second,8,1,12.342101702693633,97,6.620577096939087,1.2763861612652757e-05,0.9999607683463152,0.7008155889467088,0.015782940600362987
493,279,pvf,20,second,8,2,322.0240115807325,97,3.598496198654175,0.012591189594342984,0.9251633183972797,0.2771384347054065,0.15555315798532418
494,279,pvf,20,second,8,3,6.591105745270529,97,5.709455251693726,0.00010920481179986686,0.9996659147650059,0.8725912585891527,0.009213814876951228
495,20,pvf,30,second,1,1,0.3564950869819274,83,2.0822689533233643,0.022369331985656892,0.910884172326694,0.3060960703551882,0.16727472189821602
496,20,pvf,30,second,1,2,1.1887174468108095,83,6.621685981750488,0.009302940063461761,0.8520113116493493,0.4244400644707498,0.18223311551988275
497,20,pvf,30,second,1,3,8.995629020290325,83,3.863870859146118,0.022794863298108287,0.8426445747013238,0.003348551512907048,0.23883780626899911
498,86,pvf,30,second,1,1,26.55156782421365,311,3.606658935546875,0.12127319666334027,0.7993175756197145,0.3994585586712949,0.1272209139312842
499,86,pvf,30,second,1,2,0.382991995915223,311,11.067209959030151,2.918212828244454e-07,0.9999988165091536,0.9991172986026188,4.068341893084416e-05
500,86,pvf,30,second,1,3,1.008328845343122,311,15.314179182052612,5.811530068126183e-06,0.9999910462642264,-0.02260409667707961,0.01753226824267039
501,152,pvf,30,second,1,1,0.5294494324308436,281,6.147206783294678,3.4753181472834277e-06,0.9999915858945638,0.855263017978295,0.005082194440990029
502,152,pvf,30,second,1,2,169.71051652874812,281,12.793569087982178,0.0013391615390783678,0.9949170028091376,0.6204590399865574,0.14309983926500838
503,152,pvf,30,second,1,3,0.38836338077557375,281,12.406529188156128,0.0008480629299521017,0.9988575687430915,0.9981594957581146,0.000447663578329366
504,203,pvf,30,second,1,1,5.75233249095965,601,30.40567398071289,2.35269499795949e-05,0.9998508641181029,0.999082239106171,3.555247645502916e-05
505,203,pvf,30,second,1,2,0.8541334235219559,601,16.647151947021484,4.820194397892043e-05,0.9999299611395736,0.983961940949159,0.013572383694431114
506,203,pvf,30,second,1,3,10.696990147017686,601,55.7352499961853,1.6165386798691074e-05,0.9999940859091323,0.22095150788095824,0.06288794006720455
507,294,pvf,30,second,1,1,1.1453123665407174,266,15.294725179672241,1.0505496955636745e-06,0.9999978810718809,0.9909001032820683,0.00046929781054883744
508,294,pvf,30,second,1,2,14.877025454469743,266,10.545756101608276,0.024748323410436028,0.9708669498254662,0.9312269501043084,0.07370899977036659
509,294,pvf,30,second,1,3,0.16385110044379025,266,7.185052871704102,2.0953877020945437e-05,0.9999048881321945,0.9152050250878268,0.004196260770412147
510,26,pvf,30,second,3,1,7.7284128241795385,172,2.3876092433929443,0.1779513387751103,0.8289021455505883,0.46203660122282947,0.180933682736896
511,26,pvf,30,second,3,2,1.5316418058026278,172,10.36337399482727,1.9777418647932798e-06,0.9999945363679315,0.9758623357789367,0.0027299829572795926
512,26,pvf,30,second,3,3,17.146915417183234,172,2.2139010429382324,0.09470956820289556,0.9384860946331552,0.3133123975483203,0.2012489486236894
513,53,pvf,30,second,3,1,1.7869011951302263,98,16.916157960891724,0.044954925880357495,0.9137590288809511,0.11408289735777886,0.23204792467742186
514,53,pvf,30,second,3,2,3.662599609036136,98,9.477788925170898,8.385021640010174e-06,0.999955687111015,0.22188757251178506,0.11053908128446238
515,53,pvf,30,second,3,3,0.5408393694859626,98,9.65748381614685,1.2339161650236815e-08,0.9999999384253762,0.9902185060327602,0.001160212642940548
516,163,pvf,30,second,3,1,1.3248493538115664,103,2.0774457454681396,0.1784661546329917,0.8811955736935477,0.13687138683867078,0.16643678861807057
517,163,pvf,30,second,3,2,1.043589149558631,103,7.077149868011475,7.79078366150153e-08,0.9999998567373812,0.8874900327348253,0.013145255474061115
518,163,pvf,30,second,3,3,3.5135148513336834,103,5.443013906478882,3.299500117399204e-06,0.9999894348207038,0.5647449121123124,0.0233467104507555
519,174,pvf,30,second,3,1,1.2602743663761022,125,7.554519891738892,3.3272783716758767e-06,0.9999963497697614,0.9486102693794131,0.004571899126992759
520,174,pvf,30,second,3,2,4.726766194811565,125,5.466318845748901,0.0022215447854718154,0.9963330514013001,0.9355916220691578,0.03810789502540108
521,174,pvf,30,second,3,3,0.5784019330624016,125,8.853516101837158,5.588128937057195e-07,0.9999989997973728,0.6667249489414246,0.016026046765298715
522,290,pvf,30,second,3,1,0.6953174281434479,660,94.34196877479553,9.341003460170594e-05,0.999785807546984,0.9916910373205615,0.00035733646385382333
523,290,pvf,30,second,3,2,3.729231324699144,660,5.733381032943726,0.16640769130997754,0.935955955522908,0.8518591441489193,0.09565175959444663
524,290,pvf,30,second,3,3,1.0686152621967355,660,95.6529130935669,2.470550404019005e-06,0.9999975528178889,0.9979028428024594,5.1995085608431056e-05
525,40,pvf,30,second,8,1,97.38033664905477,150,8.744467973709106,0.05905434796360264,0.9231060100170327,-0.07317998710251396,0.15857308375678153
526,40,pvf,30,second,8,2,4.9982206279164645,150,10.473724842071533,0.00010407250947843427,0.9988599815266488,0.932732389870775,0.004755442733750729
527,40,pvf,30,second,8,3,1.0376899398388877,150,2.0889861583709717,0.13550799844090117,0.6150307640407434,-0.15088408459713215,0.24418964651408334
528,61,pvf,30,second,8,1,4.324174879768611,168,16.031641006469727,0.1890815411258612,0.3992154301494908,-0.18065045735313043,0.28405486925913076
529,61,pvf,30,second,8,2,2.6562130720036548,168,2.084078788757324,0.566945336058913,0.689033798109113,-0.5192729700404229,0.17914611229685967
530,61,pvf,30,second,8,3,15.027965792232393,168,1.9570488929748535,0.18949126593553198,0.8975344365094087,0.23890139271440297,0.22051270980932794
531,69,pvf,30,second,8,1,0.6055868981933775,129,16.894458055496216,0.003815248096333846,0.9846409786790343,0.4803669414986583,0.10931391764750871
532,69,pvf,30,second,8,2,8.532979216961948,129,10.108779191970825,1.1948385152805936e-05,0.999899767521422,0.8387179443182197,0.00963986916208094
533,69,pvf,30,second,8,3,16.999974931002566,129,3.051584005355835,0.00852130316987918,0.9515940342438979,-0.34085217718021366,0.28290320769373084
534,140,pvf,30,second,8,1,2.795702532150223,173,2.373598098754883,0.007812747557783379,0.9729358779902239,0.6353527444654148,0.043955239958697274
535,140,pvf,30,second,8,2,5.304162860087215,173,1.9888279438018799,0.08189980027407377,0.964628158026681,0.3455769286121189,0.1957747275950748
536,140,pvf,30,second,8,3,4.378529763399111,173,10.583352088928223,9.05004391183271e-05,0.9998411729165181,0.9326289885695468,0.004730491126415605
537,177,pvf,30,second,8,1,14.65895825700101,75,1.6775848865509033,0.03540096268511443,0.9169599712998103,-0.36706913416744247,0.3374431660014633
538,177,pvf,30,second,8,2,40.19223066192833,75,6.173750162124634,4.2368999589753817e-07,0.9999993972021645,0.2614078642786603,0.058430549949338086
539,177,pvf,30,second,8,3,169.98991870926895,75,7.696467399597168,0.0022470983545113546,0.9704514333299676,0.12162657574649807,0.20204442344794485
540,50,pvif,20,second,1,1,0.16808371397494554,219,6.993721008300781,7.961768739142268e-07,0.9999972930341704,0.9904032645071802,0.00011759929955140122
541,50,pvif,20,second,1,2,0.11492948398392808,219,6.485089063644409,3.350813799312026e-06,0.9999727048760304,0.9559824998329309,0.0009382146727340909
542,50,pvif,20,second,1,3,17.0305087528419,219,2.4529170989990234,0.034019755731892545,0.9844304111454322,0.7070849038739629,0.1303684238962914
543,86,pvif,20,second,1,1,9.4994896505744,311,3.815220832824707,0.1508298223815087,0.944188686908528,-0.2621536127480881,0.2797628825107033
544,86,pvif,20,second,1,2,1.6171232075471664,311,22.54720377922058,8.592279131665461e-05,0.9999097029510857,0.8222179651798491,0.00955310449666291
545,86,pvif,20,second,1,3,1.0575413252448178,311,14.407311201095581,4.4344444596143234e-05,0.9999758129892765,0.9931333023481663,0.003654348694451846
546,151,pvif,20,second,1,1,0.25599209505716736,132,4.0606842041015625,7.67869770625094e-08,0.9999999306430065,0.9010638890725667,0.0025695982234860155
547,151,pvif,20,second,1,2,1.247210520172947,132,8.404050827026367,1.4642494413912104e-09,0.9999999986245011,0.9643743065014815,0.006499031390865339
548,151,pvif,20,second,1,3,0.22921046834843606,132,5.441998720169067,1.342584468018329e-06,0.999997960108554,0.9209001396395691,0.0072838312189949005
549,231,pvif,20,second,1,1,5.929157195650808,114,9.35509204864502,4.2820448240270345e-08,0.9999998858418212,0.501357601788876,0.027820577785840662
550,231,pvif,20,second,1,2,61.8312695991267,114,10.508323907852173,1.820342422196624e-05,0.9999644270261688,-0.37332731602436453,0.16937239706920973
551,231,pvif,20,second,1,3,3.9803715004196265,114,4.071821928024292,8.037191939353828e-09,0.9999999944568515,-0.2959995599526485,0.049576051463677426
552,253,pvif,20,second,1,1,45.7601115348404,140,7.92924690246582,0.047147813717759904,0.9428587519132783,0.7021191173671614,0.06347808123065962
553,253,pvif,20,second,1,2,0.9064403580554509,140,7.233286142349243,1.2967555887618206e-07,0.9999995337453371,0.7542434961551054,0.01846869634905114
554,253,pvif,20,second,1,3,0.4383706203683496,140,7.660814046859741,9.318948168533156e-07,0.9999984321267105,0.9740572430140919,0.003123470931081946
555,114,pvif,20,second,3,1,5.144261445749231,82,2.136505126953125,0.19580438053223595,0.4447598701157603,-0.2838416611401774,0.24190952969136514
556,114,pvif,20,second,3,2,32.79572703310055,82,3.80385684967041,0.005249626153088941,0.9941057721715809,0.8111354305178373,0.08475608463323864
557,114,pvif,20,second,3,3,1.3930651212144105,82,4.468134880065918,2.8877201243987247e-08,0.9999999166568301,0.9937202664617664,0.0010002910151425469
558,195,pvif,20,second,3,1,3.884852400794034,88,1.731205701828003,0.2920668192322815,0.125050944541967,-0.42554421031203243,0.3981176377017063
559,195,pvif,20,second,3,2,10.000271679635024,88,1.844506025314331,0.05476250138758996,0.8317539188691568,0.2145291792841137,0.217611322925865
560,195,pvif,20,second,3,3,4.392589843215389,88,6.336666822433472,8.163090194257582e-08,0.9999998008667771,0.8382733509656101,0.0063335042675718165
561,223,pvif,20,second,3,1,33.72018967978884,205,2.1915571689605713,0.036963199225021906,0.9628966742605898,0.5996113929244071,0.15055123259403044
562,223,pvif,20,second,3,2,0.1718492103872765,205,7.794364929199219,1.4097018952486493e-06,0.9999915578399384,0.9850439334173351,0.001044029180783033
563,223,pvif,20,second,3,3,15.146839169029985,205,2.26487398147583,0.3454452142259589,0.5814544301206354,0.42780756177968526,0.18168848062654563
564,224,pvif,20,second,3,1,2.9144181047963036,120,8.977306127548218,4.286788726441605e-07,0.9999971709743568,0.866115948906691,0.005919614121644866
565,224,pvif,20,second,3,2,1.0298504490505809,120,10.559640645980835,4.0979938913500137e-07,0.9999979806469231,0.887053265237166,0.001904215662171122
566,224,pvif,20,second,3,3,14.058107548041114,120,8.54308295249939,0.0012651657677853546,0.9945933846485973,-0.12298812402251925,0.10293782751083798
567,292,pvif,20,second,3,1,5.443866627900346,124,8.052304983139038,1.0718417829486054e-05,0.9999875053533369,0.5636729891557359,0.023930726266570893
568,292,pvif,20,second,3,2,0.94797766643346,124,10.06031584739685,7.947046301779049e-07,0.9999993364400483,0.7034561443845456,0.010479464435935185
569,292,pvif,20,second,3,3,3.7167896532663107,124,6.468327760696411,0.0010892635897826323,0.999524013430888,0.889208547888529,0.05122807907733282
570,23,pvif,20,second,8,1,4.987283681511275,113,6.763656854629517,3.892874560337965e-05,0.9999383763208481,0.7800671925395073,0.014807043504043455
571,23,pvif,20,second,8,2,35.54422362131553,113,14.165661096572876,0.02204558557679484,0.9711693686373364,-0.0030080658958597183,0.17093469412741139
572,23,pvif,20,second,8,3,29.684589636608848,113,8.784595966339111,3.937624730976618e-05,0.9998870465169278,0.6659502410368713,0.015148767235754848
573,52,pvif,20,second,8,1,24.752719339804766,173,11.924760103225708,0.00040095019554344923,0.996238832162714,0.6691469272473738,0.03147963495793021
574,52,pvif,20,second,8,2,8.480680178323396,173,2.2586560249328613,0.1811691415558015,0.6630542408226459,0.42605376475650114,0.18243039354337273
575,52,pvif,20,second,8,3,15.073280008991656,173,8.738494873046875,0.00010713970704232544,0.9996770765293878,0.43157253626489306,0.04879547574373451
576,107,pvif,20,second,8,1,55.601675697420795,251,24.111905813217163,0.004854995052952266,0.99227030340629,-0.015081523145322897,0.06052636152311032
577,107,pvif,20,second,8,2,72.29828737340956,251,19.51639199256897,0.00181174743821648,0.9969969177877206,0.6193489098136014,0.034521748483829974
578,107,pvif,20,second,8,3,6.074843040731162,251,19.575999975204468,0.0021787492438949583,0.9976916197917788,0.9258267327102706,0.00972471026961545
579,192,pvif,20,second,8,1,19.981991825186427,55,1.5746879577636719,0.011314690770688357,0.9081431548189971,0.2691722347458551,0.21381989287904188
580,192,pvif,20,second,8,2,44.42821667073765,55,5.407706022262573,0.02057817526545993,0.9293395508678572,0.14173504270362558,0.240588154544052
581,192,pvif,20,second,8,3,91.14939798461498,55,4.860818862915039,3.6495448347295403e-07,0.9999989136066414,0.790805085556362,0.013958483282539501
582,290,pvif,20,second,8,1,58.049262972742994,660,8.24799108505249,0.7815258423345913,0.4960745109320466,0.4021045779470688,0.18650717153109592
583,290,pvif,20,second,8,2,211.71676217147208,660,40.609644174575806,0.2999448423576186,0.8944181394743397,-0.004603544423691705,0.1893362625767418
584,290,pvif,20,second,8,3,39.41087691890432,660,3.9819698333740234,1.074616287638801,0.21280765240601868,0.16257966288043296,0.22357896379655473
585,56,pvif,30,second,1,1,6.138979142498595,179,2.2620460987091064,0.006290600061666769,0.9923298306494124,0.9486868436724722,0.03719694336434237
586,56,pvif,30,second,1,2,4.150934305573209,179,7.041455030441284,1.0051439030311177e-05,0.9999916928214487,0.30302373814559297,0.042563136862253284
587,56,pvif,30,second,1,3,0.5615654222349215,179,10.437800884246826,5.715035306542125e-08,0.9999998789759268,0.9892607207491712,0.0007671271187671618
588,85,pvif,30,second,1,1,57.90446833202554,100,3.836484909057617,4.8346303136713714e-06,0.9999852704491601,-0.3520673925410672,0.17281407496826517
589,85,pvif,30,second,1,2,0.5106552345583807,100,10.200039863586426,1.9846634929647768e-10,0.9999999996831247,0.9983779855617901,0.0002544425234409807
590,85,pvif,30,second,1,3,1.2024284498581,100,8.213509321212769,1.6063564876241418e-09,0.9999999945618148,0.6596643987010645,0.010075945928765005
591,160,pvif,30,second,1,1,0.7266065322103572,125,9.747413873672485,4.0302931934136066e-08,0.9999999500534241,0.9865198492774062,0.00034284713315704655
592,160,pvif,30,second,1,2,0.6102391213644238,125,2.6650853157043457,0.04177338864363939,0.9130007720661861,0.20248324721751687,0.09835831294244891
593,160,pvif,30,second,1,3,0.03051061208078701,125,10.705426216125488,1.0770425111236579e-06,0.9999991034641563,0.9961129042780735,0.0004683818967484874
594,197,pvif,30,second,1,1,3.3519762333640095,112,7.023123025894165,0.16231557921458514,0.8661581878322547,-0.8725000422434339,0.3427858295671996
595,197,pvif,30,second,1,2,6.193754629740285,112,2.2202281951904297,0.10171872445329759,0.920925881821008,0.5691828769110513,0.17364698565109019
596,197,pvif,30,second,1,3,0.48588399278722016,112,7.193497896194458,2.2312247272510025e-08,0.9999999695574945,0.9735176857801048,0.0016076549677445902
597,211,pvif,30,second,1,1,17.006184630749395,72,4.976037979125977,1.8764342230095525e-10,0.9999999989861971,0.829502278095459,0.014966329743851758
598,211,pvif,30,second,1,2,1.998484928714845,72,15.7556631565094,1.6018368813527798e-11,0.999999999781103,0.7287600702009596,0.023750122402278768
599,211,pvif,30,second,1,3,0.9414438040140684,72,5.449466228485107,1.0480669396756918e-10,0.9999999996033594,0.9498172702258217,0.0026823847641775844
600,29,pvif,30,second,3,1,0.7109619780097068,301,11.415351867675781,3.5917644644584514e-05,0.9999824081355606,0.9867434972227175,0.0018033534200026342
601,29,pvif,30,second,3,2,0.7178090712632221,301,8.023117065429688,3.050265179361985e-05,0.9999712378371022,0.9952106506973886,0.0005717845948190438
602,29,pvif,30,second,3,3,0.854544065779657,301,4.618912935256958,0.29608555792675506,0.28469753600001785,-0.33832042403386237,0.13480764536087303
603,80,pvif,30,second,3,1,0.561779851694509,106,7.721444845199585,2.730573192367613e-08,0.9999999517942337,0.8894099515727267,0.0035919431169975707
604,80,pvif,30,second,3,2,25.14885878608056,106,1.7741329669952393,0.11960745629840966,0.7898847369919141,-0.26131053712432045,0.26218987386319065
605,80,pvif,30,second,3,3,9.356141519287501,106,1.7806687355041504,0.1499486313583471,0.6663191977803574,0.1596909913984027,0.22533873148639771
606,115,pvif,30,second,3,1,48.594362679453184,304,3.1531691551208496,0.2939061635373853,0.39010271573427496,0.42266349219009863,0.18574726175799935
607,115,pvif,30,second,3,2,0.14402913483990082,304,11.03554630279541,8.30781314843715e-06,0.9999809128275435,0.9682815908787459,0.0018998900155671637
608,115,pvif,30,second,3,3,4.468715413826812,304,193.06893110275269,0.19448261266870587,0.9276624053477783,0.7493272551701551,0.07859400748390706
609,184,pvif,30,second,3,1,94.19806984866767,102,12.858432054519653,1.4345901064675866e-06,0.9999899915119236,0.7771080212237156,0.0323345535743786
610,184,pvif,30,second,3,2,1.8627501809168314,102,7.240437030792236,1.1689346434072945e-09,0.9999999945113283,0.13308247063483553,0.0476230127475924
611,184,pvif,30,second,3,3,0.8526015661278141,102,14.24680209159851,4.1578622173315264e-09,0.9999999858318696,0.9474219554866308,0.003055416888734065
612,192,pvif,30,second,3,1,6.648534744195391,55,3.5621299743652344,0.025579408097211626,0.7844081457717033,0.1394022408635361,0.22305300327815086
613,192,pvif,30,second,3,2,5.884503794372293,55,2.542931079864502,0.003671092610100425,0.8964654091526917,0.5765526669165812,0.14235223089399093
614,192,pvif,30,second,3,3,0.7063358762984531,55,17.43118119239807,0.018143440051632324,0.8974548996754675,0.49413021801579493,0.16875938469845012
615,17,pvif,30,second,8,1,50.428285996725926,91,2.395519256591797,0.000753891169981376,0.9984837524664015,-0.2450704120789685,0.27670732363400335
616,17,pvif,30,second,8,2,14.439352903979515,91,8.895066261291504,2.464255030579162e-06,0.9999938788665415,0.7315177228471206,0.016903243526474297
617,17,pvif,30,second,8,3,13.492180612721022,91,1.9546208381652832,0.05107459684855073,0.7873610023287884,0.11565841424094278,0.23249389798292258
618,68,pvif,30,second,8,1,5.004958737853389,200,8.362471103668213,0.00020708746218746864,0.9997434136110545,0.9204474993213891,0.0065931285329345665
619,68,pvif,30,second,8,2,69.7828004124202,200,11.014956951141357,0.3113610511597658,0.35056440338466455,0.06782433820425843,0.1337526284001496
620,68,pvif,30,second,8,3,16.524217198540637,200,18.838882207870483,0.00020435537873662136,0.9997680698083331,0.9079788383300059,0.01081434491786401
621,178,pvif,30,second,8,1,54.434566973231505,173,14.681257009506226,0.00010365753125061571,0.9999068038826474,0.2795999349232762,0.05070153779115918
622,178,pvif,30,second,8,2,267.9387959262038,173,22.753518104553223,0.005846392203609348,0.994161955725771,0.19716325130065787,0.19811148731793488
623,178,pvif,30,second,8,3,2.619343784525718,173,2.570976972579956,0.15746496208889044,0.9591566911761814,-0.1771359447456391,0.2331552486338844
624,217,pvif,30,second,8,1,10.652090050763539,108,9.486670970916748,6.5939254462264905e-06,0.999974099307039,0.8080844261575433,0.022742416953312812
625,217,pvif,30,second,8,2,4.991059219087307,108,4.026042222976685,5.493097323627561e-06,0.999984954678852,0.7170642769262137,0.02455080226735662
626,217,pvif,30,second,8,3,101.36359564815768,108,5.146784067153931,0.0020351203701085433,0.9923458409962612,0.30898395129796147,0.13109864215900607
627,295,pvif,30,second,8,1,0.6149883706443977,166,8.305442094802856,4.859219863902859e-05,0.9999831012881195,0.956428232359689,0.0014751502320725066
628,295,pvif,30,second,8,2,1.482272503508891,166,11.06199598312378,1.7252270342104548e-05,0.9999925624775252,0.9663765901695199,0.0017886957696616919
629,295,pvif,30,second,8,3,1.5375807992803396,166,9.415963888168335,0.001637372862019283,0.9986364869724784,0.9227531679457671,0.009950836586184909
